Reference Number,رقم العميل الشركة التجارية,اسم العميل,اسم المندوب,فترة السداد,الرصيد الافتتاحي,حركات جارية,الرصيد الحالي,رصيد متأخر,رصيد غير مستحق,0-15 يوم,16-30 يوم,31-45 يوم,46-60 يوم,61-75 يوم,76-90 يوم,اكثر من 90 يوم,عدد الشيكات,مجموع قيم الشيكات,تواريخ الشيكات غير المستحقة,,,,,,,,,,
10645,110000249,شركة الشلتاوي و النجار و شركاهم,حسام البستنجي,90,0,13124.544,3045,0,3045,,1305,,1740,,,,1,1215,2026/12/31,,,,,,,,,,
10376,210000303,شركة هاشم محاشي  و اولادة  - اربد,لؤي السيد,90,0,8224.14,960.505,0,960.505,511.38,427.272,21.853,,,,,2,4298,"2026/08/15, 2026/09/30",,,,,,,,,,
10371,210000411,شركة عبدالله ابراهيم الطعاني وشريكة - اسواق مترو,لؤي السيد,90,39.417,151.51,0,107.947,-107.947,-107.947,,,,,,107.947,0,0,-,,,,,,,,,,
10301,210000008,سوبر ماركت خشم العقاب / الربة,محمد البستنجي,90,0,4526.36,0.148,0,0.148,,0.148,,,,,,7,4363,"2026/07/20, 2026/07/22, 2026/07/26, 2026/09/14, 2026/09/21, 2026/09/28, 2026/10/06",,,,,,,,,,
20200,210000532,توزيعات جنزير - شارع فلسطين,لؤي السيد,90,0.066,1485.683,520.35,0.066,520.284,191.004,,,,329.28,,0.066,0,0,-,,,,,,,,,,
10330,210000425,أسماعيل عالعالي للمواد الغذائية,لؤي السيد,90,0,6046.209,7.064,0,7.064,-472.459,,479.523,,,,,1,2393.34,2026/08/20,,,,,,,,,,
10682,210000110,شركة عيون الريان التجارية,حسام البستنجي,90,0,74157.366,-20193.088,-29856.177,9663.089,,,9663.089,,,,-29856.177,6,55000,"2026/07/16, 2026/07/31, 2026/07/31, 2026/08/16, 2026/08/31, 2026/08/31",,,,,,,,,,
10222,210000291,أسواق زهرة البوادي التموينية,جهاد فقوسة,90,2705.472,5042.134,5371.109,4604.898,766.211,764.411,,,,,1.8,4604.898,0,0,-,,,,,,,,,,
10676,210000111,شركة دكان ربوة النصر للاستيراد و التصدير,حسام البستنجي,90,0,59676.807,20065.974,0,20065.974,4951.009,6383.641,3229.591,2934,,2567.733,,2,65000,"2026/07/15, 2026/08/30",,,,,,,,,,
10347,210000368,اسواق طه الاستهلاكية,لؤي السيد,90,0,7816.54,1731.575,0,1731.575,1042.545,689.03,,,,,,1,2121.564,2026/07/24,,,,,,,,,,
10703,210000370,اسواق عمر احمد الرشدان للمواد التموينية,لؤي السيد,90,0,6495.146,496.806,677.52,-180.714,,-180.714,,,,,677.52,1,4188.672,2026/08/31,,,,,,,,,,
10200,210000531,مخابز غيث - الوحدات,حسام البستنجي,90,0,2043.367,1756.236,57.068,1699.168,173.008,,133.584,1231.932,,160.644,57.068,0,0,-,,,,,,,,,,
10580,210000141,عميل نقدي,الادارة,90,0,186339.214,450.54,0,450.54,883.889,95.019,-329.353,-199.015,,,,0,0,-,,,,,,,,,,
10353,110000021,البان القعقاع - أربد,لؤي السيد,90,0,2459.178,46.363,0.283,46.08,,,,46.08,,,0.283,0,0,-,,,,,,,,,,
10125,210000098,جمعية المتقاعدين العسكريين -الزرقاء,سامر الدويك,90,0,6451.017,336.558,0,336.558,336.558,,,,,,,3,1996.889,"2026/07/27, 2026/08/08, 2026/08/13",,,,,,,,,,
10387,210000300,محمد احمد القواسمة للمواد الغذائية والتموينية,لؤي السيد,90,0,1984.048,292.517,1.542,290.975,61.842,191.777,,,,37.356,1.542,0,0,-,,,,,,,,,,
10069,210000228,شركة ياسر الحسامي و اخوانه البيادر,أمجد زكي,90,0,40609.747,4095.944,0,4095.944,4095.942,,0.002,,,,,3,8008.32,"2026/07/16, 2026/08/09, 2026/08/21",,,,,,,,,,
10639,210000181,الحمدان - 0795281323,أمجد العمري,90,0,954.112,797.13,129.355,667.775,,,56.775,,611,,129.355,0,0,-,,,,,,,,,,
10136,210000092,شركة سلة الطيبات للمواد الغذائية,سامر الدويك,90,0,9173.065,1709.416,0,1709.416,1709.416,,,,,,,4,4000,"2026/07/31, 2026/08/31, 2026/09/30, 2026/10/31",,,,,,,,,,
10384,210000304,مجمدات أسلام أبو أمن - أربد,لؤي السيد,90,0,302.75,46.16,39.424,6.736,0.08,,,,,6.656,39.424,0,0,-,,,,,,,,,,
10011,210000222,شركة البيت الطيب للتجارة,أمجد زكي,90,0,13433.479,5140.515,0,5140.515,,4726.537,413.978,,,,,2,1452,"2026/08/07, 2026/08/14",,,,,,,,,,
10114,210000124,بقالة لؤي جابر,سامر الدويك,90,0,7230.755,501.325,0,501.325,487.223,,14.102,,,,,0,0,-,,,,,,,,,,
10005,210000254,أسواق ميس الدار,أمجد زكي,90,0,3958.235,0,0,0,,-356.739,,356.739,,,,1,1282.116,2026/08/07,,,,,,,,,,
10526,210000375,وادي القمر للمخابز,سامر الدويك,90,0,9410.523,1730.733,0,1730.733,1730.733,,,,,,,0,0,-,,,,,,,,,,
10025,210000266,جوهرة البلقاء لبيع السكاكر,أمجد زكي,90,0,18326.356,4556.754,0,4556.754,3846.174,,410.58,300,,,,2,1181.876,"2026/07/20, 2026/07/23",,,,,,,,,,
10640,110000272,الشركة السعودية الاردنية للتنمية الصناعية,الادارة,90,0,5540.858,-0.147,-0.147,0,,,,,,,-0.147,0,0,-,,,,,,,,,,
10239,210000316,شركة الشراء السهل للتجارة -الشعب مول,أمجد زكي,90,0,4289.261,2273.049,0,2273.049,1304.317,410.212,556.646,1.874,-89.957,89.957,,1,518.565,2026/07/24,,,,,,,,,,
10524,210000374,مخبز العمال الالي- الزرقاء,سامر الدويك,90,0,2696.663,933.276,0,933.276,,300,633.276,,,,,0,0,-,,,,,,,,,,
10201,110000533,مخابز غيث - وادي صقره,حسام البستنجي,90,0,1254.35,430,0,430,,,,430,,,,0,0,-,,,,,,,,,,
10343,210000437,اسواق الاديب - الاغوار الشمالية,لؤي السيد,90,0.04,1374.015,915.542,0.04,915.502,259.008,656.494,,,,,0.04,0,0,-,,,,,,,,,,
10287,210000052,أسواق القادسية التوفيري -جمعية المتقاعدين العسكرين,محمد البستنجي,90,0,537.626,6.101,0,6.101,,6.101,,,,,,0,0,-,,,,,,,,,,
10632,210000560,مطعم السنابل / السلط,أمجد زكي,90,0,6908.954,1175.988,0.002,1175.986,1175.986,,,,,,0.002,1,1000,2026/07/15,,,,,,,,,,
10329,210000421,أبو هاشم مول - الكريمة,لؤي السيد,90,0,1348.897,1041.471,0,1041.471,618.282,153,,,,270.189,,0,0,-,,,,,,,,,,
10367,210000416,شركة الطبق للصناعات الغذائة - سوبر ماركت,لؤي السيد,90,295,407.394,723.19,633.19,90,,90,,,,,633.19,0,0,-,,,,,,,,,,
10377,110000011,كامل رائد كامل مفضي,لؤي السيد,90,0.487,0,0.487,0.487,0,,,,,,,0.487,0,0,-,,,,,,,,,,
10690,210000002,سوبر ماركت باب المدينة / وادي موسى,محمد البستنجي,90,0,1679.626,897.565,201.224,696.341,,,,696.341,,,201.224,0,0,-,,,,,,,,,,
10379,210000315,مؤسسة  بشرى الاستهلاكية,لؤي السيد,90,0,215.797,23.824,23.824,0,,,,,,,23.824,0,0,-,,,,,,,,,,
10712,210000313,منيب ماركت - قميم,لؤي السيد,90,0,712.009,0.001,0,0.001,,0.001,,,,,,0,0,-,,,,,,,,,,
10070,210000137,عالم البيادر للمجمدات,أمجد زكي,90,0,4290.022,2025.828,20.037,2005.791,,1578.457,,,427.334,,20.037,0,0,-,,,,,,,,,,
10032,210000259,سهول القدس للمواد التموينية,جهاد فقوسة,90,0,2076.183,576.153,0,576.153,173.52,4.44,,,398.193,,,1,480,2026/08/13,,,,,,,,,,
10106,110000280,بقالة رائدة أحمد - الرحمة الزواهرة,سامر الدويك,90,0,750.109,95,0,95,,,,95,,,,0,0,-,,,,,,,,,,
10605,110000215,شركة سدرة لصناعة مواد التجميل,الادارة,90,0,55704.25,14887.75,0,14887.75,,3500,7800,,3587.75,,,1,3500,2026/07/15,,,,,,,,,,
10350,210000371,البان التمام - اربد,لؤي السيد,90,0,1528.075,554.733,0,554.733,,,,554.733,,,,0,0,-,,,,,,,,,,
10111,210000071,بقالة عدي الكفاوين - جبل المكبر,سامر الدويك,90,0,-144.576,-5.161,0,-5.161,,-5.161,,,,,,0,0,-,,,,,,,,,,
10510,120000040,مؤسسة يعمون لتجارة المواد التموينية,لؤي السيد,90,0,18213.605,134149.928,2649.928,131500,,65500,8000,,58000,,2649.928,0,0,-,,,,,,,,,,
10100,110000288,المملكة الحرة للاستثمارات التجارية,سامر الدويك,90,0,847.079,1799.752,54.752,1745,,,,,1745,,54.752,0,0,-,,,,,,,,,,
10623,210000163,مؤسسة قعوار للتوريدات الغذلئية,الادارة,90,0,83173.744,-14500.706,0,-14500.706,11776.551,2806.441,7008.04,-1572.18,-35624.558,1105,,5,54500,"2026/07/15, 2026/09/25, 2026/10/27, 2026/11/27, 2026/12/27",,,,,,,,,,
10358,210000406,بقالة مرح عمرات - البويضة,لؤي السيد,90,220.979,0,220.979,220.979,0,,,,,,,220.979,0,0,-,,,,,,,,,,
10127,210000101,شركة أسيا الدولية لتجارة المواد الغذائية,سامر الدويك,90,0,4192.703,1184.171,0,1184.171,154.98,1029.191,,,,,,0,0,-,,,,,,,,,,
10591,210000176,شركة الصناعات الدولية,الادارة,90,0,11122.2,0,8294.333,-8294.333,-23.033,,,-8271.3,,,8294.333,0,0,-,,,,,,,,,,
10122,210000074,بوابة السرور لتجارة المواد الغذائية,سامر الدويك,90,0,9763.483,479.765,0,479.765,472.425,7.34,,,,,,2,2542.27,"2026/08/07, 2026/09/30",,,,,,,,,,
20179,220000032,شركة الشرش لتجارة المواد الغذائية,سامر الدويك,90,0,3174.507,630.109,0,630.109,630.18,-0.071,,,,,,1,750,2026/08/15,,,,,,,,,,
10115,210000072,بقالة محمد أبو حتمة -أسواق سلة الخير -الظليل,سامر الدويك,90,0,967.097,257.975,0,257.975,242.698,,,,15.277,,,0,0,-,,,,,,,,,,
10340,210000433,أسواق قميم التجارية - قميم,لؤي السيد,90,0,510.62,200.036,0,200.036,200.036,,,,,,,0,0,-,,,,,,,,,,
10121,210000073,بقالة يوسف الرملاوي,سامر الدويك,90,0,2019.827,155.087,0,155.087,,155.087,,,,,,0,0,-,,,,,,,,,,
10079,210000039,مؤسسة نجمة ابو نصير الاستهلاكية,أمجد زكي,90,0,6229.14,693.898,0,693.898,693.898,,,,,,,0,0,-,,,,,,,,,,
10002,210000250,أسواق جواد ابو هولا الاستهلاكية,أمجد العمري,90,0,2121.562,319.061,18.413,300.648,203.676,96.972,,,,,18.413,0,0,-,,,,,,,,,,
10076,210000036,مؤسسة عماد العمري التجارية,أمجد زكي,90,0,7165.224,1352.661,0,1352.661,991.598,361.063,,,,,,0,0,-,,,,,,,,,,
10382,110000058,مؤسسة وردة بسمان الكبرى - جرش,لؤي السيد,90,1573.433,0,1573.433,1573.433,0,,,,,,,1573.433,0,0,-,,,,,,,,,,
10082,210000051,محمد عبدالله أبراهيم المبيضين,جهاد فقوسة,90,0,544.595,477.26,477.26,0,,,,,,,477.26,0,0,-,,,,,,,,,,
10520,110000061,سوبر ماركت أحسان يوسف ابو عودة,الادارة,90,0,0,-0.003,-0.003,0,,,,,,,-0.003,0,0,-,,,,,,,,,,
10083,210000048,محمود عادل خيرى الطيبي,أمجد زكي,90,0,2667.836,132,0,132,132,-5.498,,,5.498,,,0,0,-,,,,,,,,,,
10525,210000373,مخبز مروج شفا بدران,جهاد فقوسة,90,0,1077.902,409.839,0,409.839,144.424,,105,120,40.415,,,0,0,-,,,,,,,,,,
10133,210000089,شركة تروبيا للمواد الغذائية والتموينية,سامر الدويك,90,0,5751.524,804.536,10.859,793.677,792.61,,,1.067,,,10.859,1,1678.826,2026/07/31,,,,,,,,,,
20175,110000717,امجد العمري - مبيعات نقدية,أمجد العمري,90,0,888.611,4.6,0,4.6,,,,,4.6,,,0,0,-,,,,,,,,,,
10072,210000037,مؤسسة حسن ابو حطب للمواد التموينية,أمجد زكي,90,0,3105.697,0.281,0,0.281,,0.281,,,,,,2,554,"2026/10/02, 2026/10/09",,,,,,,,,,
10225,210000308,ابن سعيد مول - زيزيا,جهاد فقوسة,90,0,7724.408,1265.592,814.17,451.422,-1467.653,584.424,,1104.251,230.4,,814.17,2,4671.832,"2026/07/20, 2026/08/31",,,,,,,,,,
10154,210000366,مؤسسة حمزة أبو زينة للمواد التموينية,سامر الدويك,90,0,1602.977,318.305,318.305,0,,,,,,,318.305,0,0,-,,,,,,,,,,
10300,210000007,سوبر ماركت توفيق البستنجي - أدر,محمد البستنجي,90,361.787,298.718,673.802,361.787,312.015,,,,,,312.015,361.787,0,0,-,,,,,,,,,,
10151,210000363,مؤسسة أحمد عبدالله للمواد التموينية,سامر الدويك,90,0,16653.294,4067.377,0,4067.377,611.312,1302.834,1521.314,,631.917,,,0,0,-,,,,,,,,,,
10299,210000004,سوبر ماركت المطارنة,محمد البستنجي,90,0,172.25,0.139,0.139,0,,,,,,,0.139,0,0,-,,,,,,,,,,
10157,210000362,مؤسسة فراس جبر التجارية,سامر الدويك,90,0,12112.933,2065.376,0,2065.376,1135.162,930.214,-142.01,21.01,121,,,0,0,-,,,,,,,,,,
10302,210000005,سوبر ماركت زيد الرشايدة - حسينية معان,محمد البستنجي,90,1.268,0,1.143,1.143,0,,,,,,,1.143,0,0,-,,,,,,,,,,
10177,110000544,الصبيح للصناعات الغذائية,الادارة,90,0,2947.5,1174.5,0,1174.5,391.5,396,,,,387,,0,0,-,,,,,,,,,,
10131,210000100,شركة العقرباوي للوكالات التجاريه,سامر الدويك,90,0,16655.954,3726.751,0,3726.751,1588.954,2137.797,,,,,,0,0,-,,,,,,,,,,
10600,210000197,شركة بهاء الدين البستنجي وشريكه - البستنجي مول,الادارة,90,0,78592.825,83390.009,52237.138,31152.871,4347.303,3765.018,8832.49,5129.072,7154.614,1924.374,52237.138,0,0,-,,,,,,,,,,
10134,110000370,شركة خالد حطاب وشريكه,سامر الدويك,90,0,3967.202,-0.061,0,-0.061,,-0.061,,,,,,0,0,-,,,,,,,,,,
10295,110000075,سوبر ماركت البتراوي - عبادة الشماسين,محمد البستنجي,90,0,1724.14,0.002,0.002,0,,,,,,,0.002,0,0,-,,,,,,,,,,
10311,110000081,صافينا مول / الصافي / عرار القراله,محمد البستنجي,90,0,188.8,40.632,40.632,0,,,,,,,40.632,0,0,-,,,,,,,,,,
10146,210000380,شركة يوسف حطيني وشركاه,سامر الدويك,90,0,7210.094,3658.858,0,3658.858,1405.12,1292.842,960.896,,,,,0,0,-,,,,,,,,,,
10586,210000174,شركة البراء للصناعات الغذائية,الادارة,90,0,15758,135532.57,-597.43,136130,,,59560,62000,,14570,-597.43,0,0,-,,,,,,,,,,
10141,210000384,شركة عقربا للتوزيع - معصوم,سامر الدويك,90,0,20459.703,3282.526,0,3282.526,503.376,2779.15,,,,,,0,0,-,,,,,,,,,,
10304,210000029,سوبر ماركت عز و جود - المنشية,محمد البستنجي,90,482.295,0,482.295,482.295,0,,,,,,,482.295,0,0,-,,,,,,,,,,
10307,110000085,سوبرماركت هاي لايت -البتراء,محمد البستنجي,90,1424.129,0,1424.129,1424.129,0,,,,,,,1424.129,0,0,-,,,,,,,,,,
10306,210000016,سوبرماركت الايمان - مؤتة,محمد البستنجي,90,249.563,0,249.563,249.563,0,,,,,,,249.563,0,0,-,,,,,,,,,,
10283,210000065,اسواق شتيوي2 -الصافي,محمد البستنجي,90,0.043,0,0.043,0.043,0,,,,,,,0.043,0,0,-,,,,,,,,,,
10243,210000338,شركة سنابل عدن لتجارة المواد الغذائية والاستهلاكية,أمجد العمري,90,0.278,918.677,433.765,0.278,433.487,346.41,,87.077,,,,0.278,0,0,-,,,,,,,,,,
10279,110000091,اسواق اشرف عبد الغفور,محمد البستنجي,90,0,657.806,0.623,0.623,0,,,,,,,0.623,0,0,-,,,,,,,,,,
10210,210000561,مركز الشوملي للتموين - حمزة,أمجد زكي,90,0,2837.197,236.088,0,236.088,236.088,,,,,,,0,0,-,,,,,,,,,,
10612,110000222,شركة محمود وليد الجيطان و شركاه - المقابلين,حسام البستنجي,90,0,11412.278,457.502,0,457.502,575,,,-117.498,,,,1,3850,2026/07/31,,,,,,,,,,
10217,210000277,أسواق أبن سليمان,جهاد فقوسة,90,0,1864.627,-2809.858,1607.568,-4417.426,,-4221.426,-196,,,,1607.568,0,0,-,,,,,,,,,,
10292,210000010,سوبر ماركت الادهم -غور  الحديثة,محمد البستنجي,90,36.525,292.327,346.237,262.801,83.436,,,,,,83.436,262.801,0,0,-,,,,,,,,,,
10219,110000449,أسواق حسن سلامة - المستندة,أمجد العمري,90,0,5666.943,78.2,0,78.2,78.2,,,,,,,0,0,-,,,,,,,,,,
20129,210000504,سوبر ماركت عز الدين الاقطش / مادبا,جهاد فقوسة,90,0,1819.07,635.123,0,635.123,174.003,461.112,,0.008,,,,0,0,-,,,,,,,,,,
10263,210000331,مؤسسة محمد السلال,الادارة,90,0,42014.886,1332.806,0,1332.806,-5600,2500,2400,2032.806,,,,17,43650,"2026/07/17, 2026/07/27, 2026/08/07, 2026/08/17, 2026/08/27, 2026/09/07, 2026/09/17, 2026/09/27, 2026/10/07, 2026/10/17, 2026/10/27, 2026/11/07, 2026/11/17, 2026/11/27, 2026/12/07, 2026/12/17, 2026/12/27",,,,,,,,,,
10290,210000012,سوبر ماركت أبو روز - غرندل,محمد البستنجي,90,82.98,455.992,537.283,537.283,0,,,,,,,537.283,0,0,-,,,,,,,,,,
10269,210000319,مركز جنوب  المملكة للجملة -  مرج الحمام,جهاد فقوسة,90,0,1781.674,39.849,0,39.849,-16.112,53.636,,,,2.325,,0,0,-,,,,,,,,,,
10361,210000409,شركة صفايا لصناعة السكاكر,لؤي السيد,90,0,31037.352,944.19,0.08,944.11,527.988,416.122,,,,,0.08,1,1686,2026/08/05,,,,,,,,,,
10245,210000340,شركة علي عمر أبراهيم حسونة وشريكه,أمجد العمري,90,0,1735.502,19.363,230.072,-210.709,-488,203.03,,,74.261,,230.072,0,0,-,,,,,,,,,,
10352,210000427,البان العدوس - كفريوبا,لؤي السيد,90,0,2808.44,862.23,3.795,858.435,,,643.395,,,215.04,3.795,0,0,-,,,,,,,,,,
10040,210000216,شركة الاتجاة التوفيري لتسويق المواد التموينية/أم عطية,أمجد زكي,90,0,1865.652,417.275,0,417.275,417.275,,,0,,,,1,539.248,2026/07/28,,,,,,,,,,
10333,210000424,أسواق احمد البلعاوي - ايدون,لؤي السيد,90,0,7318.367,1617.909,0,1617.909,259.171,150.018,906.213,,302.507,,,0,0,-,,,,,,,,,,
10056,210000450,شركة تلال الاردن التجارية,أمجد العمري,90,0,4722.852,447.093,2.891,444.202,,,446.7,,-2.498,,2.891,0,0,-,,,,,,,,,,
10172,210000513,اسواق الباحة,جهاد فقوسة,90,0,7396.803,581.04,0,581.04,361.415,104.511,104.511,10.603,,,,0,0,-,,,,,,,,,,
10341,210000435,أسواق محمد خليل - الدبج مول,لؤي السيد,90,0,459.692,482.246,482.246,0,,,,,,,482.246,0,0,-,,,,,,,,,,
10171,210000520,أسواق المختار - ناعور,جهاد فقوسة,90,0,1155.736,82.05,0,82.05,56.606,-22.076,,47.52,,,,0,0,-,,,,,,,,,,
10318,210000019,مجمدات فراس فتحي - الحسا,محمد البستنجي,90,-193.398,2180.99,-194.284,-194.456,0.172,,,,,0.172,,-194.456,0,0,-,,,,,,,,,,
10041,210000217,شركة الاتجاة التوفيري لتسويق المواد التموينية/الاكراد,أمجد زكي,90,0,1604.36,476.671,0,476.671,476.671,,,0,,,,1,398.838,2026/08/04,,,,,,,,,,
10675,210000117,شركة جرش مول,حسام البستنجي,90,0,43628.738,31231.095,6405.407,24825.688,1714.551,4950.831,3435.04,2310,,12415.266,6405.407,0,0,-,,,,,,,,,,
10047,210000214,شركة الربح البسيط للمواد الغذائية - أم أذنية,أمجد زكي,90,0,9604.322,0,0,0,-36.863,,,,36.863,,,1,103.567,2026/09/12,,,,,,,,,,
10326,110000132,ميني مول - المنشية,محمد البستنجي,90,0.093,0,0.093,0.093,0,,,,,,,0.093,0,0,-,,,,,,,,,,
10053,210000213,شركة أيام الرملة لتجارة المواد الغذائية - وادي السير,أمجد زكي,90,0,17260.884,2084.385,0,2084.385,1881.136,203.249,,,,,,0,0,-,,,,,,,,,,
10198,210000169,مؤسسة فادي العرجان التجارية,الادارة,90,0,5573.493,3111.178,11.178,3100,1200,,1900,,,,11.178,2,2600,"2026/08/15, 2026/09/15",,,,,,,,,,
10054,210000211,شركة بازار السلط الشعبي للمواد التموينية,أمجد زكي,90,0,2225.755,396.733,0,396.733,396.733,,,,,,,2,620.207,"2026/07/25, 2026/08/18",,,,,,,,,,
10325,210000633,محمص العقاد,محمد البستنجي,90,0,184.371,191.192,0,191.192,,,,,191.192,,,0,0,-,,,,,,,,,,
10049,210000209,شركة الشروق المنير لتسويق المنتجات الغذائية,أمجد زكي,90,0,12773.148,2297.585,0,2297.585,2297.585,-8.561,,,8.561,,,0,0,-,,,,,,,,,,
10018,210000241,بقالة حمزة الجبارات - الرصيفة,أمجد زكي,90,0,1126.162,584.819,0.068,584.751,585.192,,,,,-0.441,0.068,0,0,-,,,,,,,,,,
10050,210000206,شركة القارب لتجارة المواد الغذائية,أمجد زكي,90,0,10999.795,1618.717,309.723,1308.994,1355.201,263.516,-659.643,,349.92,,309.723,1,2111.86,2026/07/31,,,,,,,,,,
10167,210000393,محمص وبهارات ماجد  مهيار,سامر الدويك,90,0,946.025,172,0,172,172,,,,,,,0,0,-,,,,,,,,,,
10196,110000520,شركه الميان للمواد التموينية,حسام البستنجي,90,0,109411.675,-58121.25,0,-58121.25,,-50000,,-8121.25,,,,7,103000,"2026/07/31, 2026/08/31, 2026/08/31, 2026/09/30, 2026/10/31, 2026/11/30, 2026/12/31",,,,,,,,,,
20138,210000584,مؤسسة ليث النعسان لتجارة المواد التموينية,لؤي السيد,90,0,21049.279,8000.051,0,8000.051,7995.736,,-1395.96,,,1400.275,,1,3541,2026/07/31,,,,,,,,,,
20110,210000571,سامر الدويك مبيعات نقدية,سامر الدويك,90,0,9313.801,234.35,0.665,233.685,228.514,,,,0.004,5.167,0.665,0,0,-,,,,,,,,,,
10211,110000439,مصنع النور للسكاكر والحلويات,الادارة,90,0,10994,662,0,662,-198,425,435,,,,,0,0,-,,,,,,,,,,
20113,210000574,جهاد فقوسة مبيعات نقدية,جهاد فقوسة,90,0,22357.328,1509.237,0,1509.237,1617.157,-107.969,,0.049,,,,0,0,-,,,,,,,,,,
20228,210000642,مؤسسة سلبود للالبان والاجبان,أمجد العمري,45,0,804.958,614.364,0,614.364,-100,714.364,,,,,,0,0,-,,,,,,,,,,
20231,210000484,البان و اجبان سما ضبعه المركزي,أمجد العمري,90,0,11297.753,843.733,0,843.733,843.733,,,,,,,0,0,-,,,,,,,,,,
10160,110000362,محلات ابو هشام للمواد التموينية,سامر الدويك,90,0,2090.96,99.99,0,99.99,,99.99,,,,,,0,0,-,,,,,,,,,,
20123,210000477,التقى للمطاعم و المواد الغذائية,جهاد فقوسة,90,0,2129.558,1332.587,43.661,1288.926,1288.926,,,,,,43.661,0,0,-,,,,,,,,,,
10688,210000013,سوبر ماركت الابداع - المنشية,محمد البستنجي,90,200.015,255.991,473.325,473.325,0,,,,,,,473.325,0,0,-,,,,,,,,,,ذ
20232,210000501,ميني ماركت اياد السواعير,جهاد فقوسة,90,0,1328.682,204.925,0,204.925,,,,,-10.894,215.819,,0,0,-,,,,,,,,,,
10643,210000175,شركة البركة الدولية للمواد الغذائية,الادارة,90,0,10720.512,-17689.55,0,-17689.55,,,,-17689.55,,,,0,0,-,,,,,,,,,,
20126,210000488,الأساس القوي لتجارة المواد الغذائية,سامر الدويك,90,0,17915.23,2881.412,0,2881.412,1058.254,884.64,938.518,,,,,0,0,-,,,,,,,,,,
10255,210000352,شركة يالوفا  للمواد الغذائية,أمجد زكي,90,0,3416.543,1697.081,0.903,1696.178,582.012,188.758,786.082,139.326,,,0.903,0,0,-,,,,,,,,,,
20127,210000478,بقالة حمزة بني صخر,لؤي السيد,90,0,8185.649,0.364,0,0.364,-480,,480,,,0.364,,1,1430,2026/09/21,,,,,,,,,,
10693,210000114,محلات سعد السعايدة - الكرك,محمد البستنجي,90,1683.066,0,1683.066,1683.066,0,,,,,,,1683.066,0,0,-,,,,,,,,,,
20128,210000495,علي للتسوق / الرمثا,لؤي السيد,90,0,2403.786,0.138,0,0.138,-778.268,778.406,,,,,,2,1258,"2026/09/10, 2026/09/15",,,,,,,,,,
10356,110000032,بقال امل جماحنه,لؤي السيد,90,0.079,0,0.079,0.079,0,,,,,,,0.079,0,0,-,,,,,,,,,,
20136,210000579,بقالة غصن الحي الاخضر,جهاد فقوسة,90,0,3008.373,300.014,0,300.014,,286.133,13.881,,,,,0,0,-,,,,,,,,,,
10699,210000387,شركة محمد حمد صابر الجعيدي و شركاه,سامر الدويك,90,0,9203.771,1398.436,0,1398.436,466.765,,931.671,,,,,0,0,-,,,,,,,,,,
20139,210000508,مؤسسة احمد ربيع لتجارة المواد التموينية,سامر الدويك,90,0,3977.214,293.333,0,293.333,-106.627,399.96,,,,,,1,830.759,2026/08/03,,,,,,,,,,
10137,210000093,شركة سما معصوم لتجارة المواد الغذائية,سامر الدويك,90,0,3338.021,9.284,0,9.284,,,,-281.651,290.935,,,0,0,-,,,,,,,,,,
20141,210000476,اسواق تلال ضبعه للتموين,جهاد فقوسة,90,0,11198.595,2583.924,0,2583.924,1075.694,460.8,1038.48,,8.95,,,2,4077,"2026/07/20, 2026/08/15",,,,,,,,,,
10721,210000354,شركة كينغز أكاديمي المساهمة العامة,جهاد فقوسة,90,1.4,400,1,1.4,-0.4,,,,,,-0.4,1.4,0,0,-,,,,,,,,,,
20218,210000605,مؤسسة زينة الجيزة التجارية,جهاد فقوسة,90,0,805.687,194.518,0,194.518,,194.518,,,,,,0,0,-,,,,,,,,,,
10202,210000676,مخابز قشطه,الادارة,90,0,69768,4921.255,0,4921.255,-12117.46,11088,,5220,730.715,,,0,0,-,,,,,,,,,,
20167,210000616,مؤسسة كرمه و سليمان الغويري,سامر الدويك,90,0,400.32,0,0,0,,-419.269,419.269,,,,,1,419.269,2026/08/02,,,,,,,,,,
10067,210000223,شركة شجرة الدر لتجارة المواد الغذائية,أمجد العمري,90,1.557,466.358,154.798,30.201,124.597,72.424,80.817,,,-28.644,,30.201,0,0,-,,,,,,,,,,
20181,210000692,بقالة مفيد عبدالعال -أسواق أنس,أمجد العمري,45,0,1506.087,1593.291,0,1593.291,,1593.291,,,,,,0,0,-,,,,,,,,,,
10314,210000113,مؤسسة احمد ابو الزيت - معان,محمد البستنجي,90,0,789.478,826.349,0,826.349,,826.349,,,,,,0,0,-,,,,,,,,,,
10203,110000535,مخابز وحلويات السنابل - معان,الادارة,90,-1159.1,4250,324.1,0,324.1,-3925.9,,,,,4250,0,0,0,-,,,,,,,,,,
10718,110000176,شركة التميز الخليجي للمواد الغذائية,جهاد فقوسة,90,0,3163.845,3658.538,0,3658.538,,,,3658.538,,,,0,0,-,,,,,,,,,,
10385,210000297,محلات الرائد الاستهلاكية  - دير علا,لؤي السيد,90,0,2335.806,675.118,0,675.118,500.174,,,174.944,,,,0,0,-,,,,,,,,,,
10051,110000517,شركة الكسواني وجبر,جهاد فقوسة,90,0,-59.754,732.274,0,732.274,,,400,,332.274,,,0,0,-,,,,,,,,,,
10182,110000539,توزيعات العورتاني,الادارة,90,0,801.724,930,0,930,,930,,,,,,0,0,-,,,,,,,,,,
10504,120000021,مؤسسة علي نجادات للمواد الغذائية,سامر الدويك,90,0,383.638,219,219,0,,,,,,,219,0,0,-,,,,,,,,,,
10024,210000269,بيت جبرين مول / شركة فاعل خير,أمجد العمري,90,0,2351.678,595.935,0,595.935,595.935,,,,,,,0,0,-,,,,,,,,,,
10266,110000454,مخبز الشلتاوي - الجمرك,حسام البستنجي,90,0,12580,1720,0,1720,1720,,-40,,,40,,0,0,-,,,,,,,,,,
20103,110000558,شركة سيرجو للصناعات الغذائية,الادارة,90,0,25030,4200,0,4200,2150,2050,,,,,,0,0,-,,,,,,,,,,
10178,210000530,المخابز الاتوماتيكية الحديثة,حسام البستنجي,90,0.9,1700.536,1587.476,168.408,1419.068,,,,1419.068,,,168.408,0,0,-,,,,,,,,,,
10068,110000324,شركة نبيل المسك ورجب خواجا,أمجد العمري,90,0,744.797,-0.004,0,-0.004,,,,,,-0.004,,0,0,-,,,,,,,,,,
10071,210000043,مؤسسة بارودي للمأكولات,أمجد زكي,90,1647.022,1376.965,-766.316,1647.022,-2413.338,-1924,776.13,-1265.468,,,,1647.022,0,0,-,,,,,,,,,,
10077,210000041,مؤسسة كوخ الشفا للمونة,أمجد زكي,90,-2.569,464.714,129.554,-2.569,132.123,130.487,,,,,1.636,-2.569,0,0,-,,,,,,,,,,
20101,210000443,عمار عنبة كاش فان,عمار عنبة,90,0,6881.944,71.07,483.716,-412.646,,,,13.2,,-425.846,483.716,0,0,-,,,,,,,,,,
20102,110000556,محلات عبده بديوي خزاعلة,لؤي السيد,90,12.597,2976.54,12.6,12.6,0,,,,,,,12.6,1,215.04,2026/07/23,,,,,,,,,,
10084,210000063,نزار الهباب و غدير خضر - التايم مول,أمجد العمري,90,0,1182.959,680.817,680.817,0,,,,,,,680.817,0,0,-,,,,,,,,,,
10085,110000341,أحمد أبو هويدي لتجارة المواد التموينية,سامر الدويك,90,4525.089,0,4525.089,4525.089,0,,,,,,,4525.089,0,0,-,,,,,,,,,,
10038,210000261,شركة ابو عليا لتجارة المواد التموينية,أمجد العمري,90,0,2905.163,35.34,210.032,-174.692,-959.612,186.12,,66,33,499.8,210.032,0,0,-,,,,,,,,,,
20188,110000562,سوبر ماركت انوار المدينة - الصافي,محمد البستنجي,90,89.75,0,89.75,89.75,0,,,,,,,89.75,0,0,-,,,,,,,,,,
10092,110000330,أسواق نور الهدى المفرق,سامر الدويك,90,2594.476,0,2594.476,2594.476,0,,,,,,,2594.476,0,0,-,,,,,,,,,,
10094,210000131,اسواق أسماعيل جرادات -مدينة الشرق,سامر الدويك,90,0,9284.873,963.039,0,963.039,963.344,-39.729,39.424,,,,,0,0,-,,,,,,,,,,
10150,110000354,مؤسسة أحمد العمايرة التجارية - الظليل,سامر الدويك,90,0,2522.961,-0.397,0,-0.397,,,,,,-0.397,,1,2063.35,2026/07/24,,,,,,,,,,
20164,210000487,شركة محمد نبيل غيث و ناصر عزات غيث و شريكهم,أمجد زكي,90,0,1005.406,7.931,0,7.931,,,,,7.931,,,0,0,-,,,,,,,,,,
10257,110000477,مؤسسة اسامة العبسي لتجارة المواد الغذائية,جهاد فقوسة,90,0,1411.915,0.94,0.94,0,,,,,,,0.94,0,0,-,,,,,,,,,,
20187,110000557,شركة الضوء الاخضر للتموين,الادارة,90,12800,0,10626.22,12515.8,-1889.58,-1889.58,,,,,,12515.8,0,0,-,,,,,,,,,,
10159,110000363,محلات أبو كايد - الزرقاء,سامر الدويك,90,60,0,60,60,0,,,,,,,60,0,0,-,,,,,,,,,,
10484,120000014,علي ابو حبلة للمواد التموينية,سامر الدويك,90,762.5,0,762.5,762.5,0,,,,,,,762.5,0,0,-,,,,,,,,,,
10086,210000134,أحمد عودة عوض المعيط - صبحا مول,سامر الدويك,90,0,5311.285,1230.776,0,1230.776,982.548,249.857,,-1.629,,,,2,1600,"2026/07/15, 2026/07/30",,,,,,,,,,
20276,210000712,شركة السلة الذهبية للتجارة,أمجد زكي,90,0,4606.826,4870.075,0,4870.075,2174.232,2695.843,,,,,,0,0,-,,,,,,,,,,
10180,210000525,توزيعات الجنوب,محمد البستنجي,90,0,4871.094,0.304,0,0.304,,0.004,,,0.3,,,1,831,2026/08/25,,,,,,,,,,
10238,210000289,شركة الاخوة المتميزون للتموين,جهاد فقوسة,90,0,2117.825,0.1,0,0.1,0.04,,0.06,,,,,0,0,-,,,,,,,,,,
10582,210000536,سوبر ماركت أوبي -سحاب,أمجد العمري,90,0.875,1185.332,909.422,110.314,799.108,799.108,,,,,,110.314,0,0,-,,,,,,,,,,
10516,120000026,موفق عريمط - المفرق الزعتري,سامر الدويك,90,0,597.882,-0.002,-0.002,0,,,,,,,-0.002,0,0,-,,,,,,,,,,
10030,110000398,سما البلد الطيب - الهاشمي الشمالي,أمجد العمري,90,-18.966,165.257,-17.946,-17.946,0,,,,,,,-17.946,0,0,-,,,,,,,,,,
10027,210000272,خليل محمد اسحق العجو للمواد التموينية,أمجد العمري,90,987.577,-795.912,987.577,987.577,0,,,,,,,987.577,0,0,-,,,,,,,,,,
10088,210000123,أسواق بلد الكرم للتموين,سامر الدويك,90,0,221.16,231.971,0,231.971,231.971,,,,,,,0,0,-,,,,,,,,,,
10138,110000366,شركة شمس الاردن للتسويق - عادل مول,سامر الدويك,90,0,1013.981,39.056,39.056,0,,,,,,,39.056,0,0,-,,,,,,,,,,
10305,210000030,سوبر ماركت علاء البوشي - الثنية,محمد البستنجي,90,0,742.108,0.51,0.51,0,,,,,,,0.51,0,0,-,,,,,,,,,,
10574,210000188,المركز الاردني للتجارة و الاستثمار - كوزمو,الادارة,90,0,4528.364,1588.827,971.457,617.37,226,-1477.38,368.75,392.5,507.5,600,971.457,0,0,-,,,,,,,,,,
10621,210000170,مؤسسة ابراج عمان,الادارة,90,25815.953,21674.942,41922.902,38802.536,3120.366,-379.002,-1006.283,-29.897,,2125.668,2409.88,38802.536,2,1264.5,"2026/07/25, 2026/08/16",,,,,,,,,,
10158,210000361,مؤسسة مراد الخوالدة التجارية,سامر الدويك,90,0,2856.328,-51.005,8.991,-59.996,,445.876,-876.942,210.022,,161.048,8.991,1,1400,2026/07/25,,,,,,,,,,
10310,210000034,شركة بيت حانون التجارية - المنشية,محمد البستنجي,90,0,19505.558,4923.214,1.001,4922.213,1262.048,,2001.209,,1037.396,621.56,1.001,0,0,-,,,,,,,,,,
10660,210000166,مخبز انوار مكه - الطفيلة,الادارة,90,0,21016.364,1502.889,1824.502,-321.613,,,-842.875,431.262,0,90,1824.502,0,0,-,,,,,,,,,,
20105,210000454,جعفر كنانه للالبان و الاجبان,أمجد زكي,90,0,1564.001,624.154,0,624.154,424.154,,200,,,,,0,0,-,,,,,,,,,,
10208,110000438,مخبز سوار العسل - سحاب,الادارة,90,77.5,0,77.5,77.5,0,,,,,,,77.5,0,0,-,,,,,,,,,,
10221,210000295,أسواق خيرات السلطان - أبو علندا,أمجد العمري,90,99.705,1290.735,325.854,132.705,193.149,-270.711,,,,463.86,,132.705,1,596.565,2026/07/30,,,,,,,,,,
10223,210000290,أسواق محمد عزت جودة - مرج الحمام,جهاد فقوسة,90,85.94,0,85.94,85.94,0,,,,,,,85.94,0,0,-,,,,,,,,,,
10289,210000057,سلة البتراء ستورز - وادي موسى,محمد البستنجي,90,0,339.476,-39.995,-39.995,0,,,,,,,-39.995,0,0,-,,,,,,,,,,
10218,210000275,أسواق العقاد - أبوعلندا,أمجد العمري,90,0,280.324,177.974,177.974,0,,,,,,,177.974,0,0,-,,,,,,,,,,
10199,210000527,مخابز جوهرة الرشيد الالية,حسام البستنجي,90,0,12612.727,2175,0,2175,,2175,,,0,,,0,0,-,,,,,,,,,,
10242,210000339,شركة حسام الدين الخندق وشريكه - مرج الحمام,جهاد فقوسة,90,0,3943.071,279.185,0.011,279.174,,,278.696,,,0.478,0.011,0,0,-,,,,,,,,,,
10618,110000220,شركة نعمان الجنيدي للصناعات الغذائية,الادارة,90,53694.238,0,53694.238,53694.238,0,,,,,,,53694.238,0,0,-,,,,,,,,,,
10321,210000022,محلات بشير السوداني - الصافي,محمد البستنجي,90,0,525.279,0.033,0,0.033,,,,,,0.033,,0,0,-,,,,,,,,,,
10262,210000325,محلات الصالح - المقابلين,جهاد فقوسة,90,0,493.076,124.043,124.043,0,,,,,,,124.043,0,0,-,,,,,,,,,,
10276,110000462,أسواق معتز الشاويش - معان,محمد البستنجي,90,0,4786.354,-70.745,-70.745,0,,,,,,,-70.745,0,0,-,,,,,,,,,,
10308,110000080,سوق عامر الشعبي - مؤتة,محمد البستنجي,90,0.048,0,0.048,0.048,0,,,,,,,0.048,0,0,-,,,,,,,,,,
10272,110000466,أسواق الثنية - زهير البستنجي,محمد البستنجي,90,3719.563,0,3719.563,3719.563,0,,,,,,,3719.563,0,0,-,,,,,,,,,,
20117,210000684,مخبز ظاهر نايف الطراونة,الادارة,90,0,6135,1660,0,1660,1660,,,,,,,0,0,-,,,,,,,,,,
10271,210000330,هايبر ماركت سنابل البركة,أمجد العمري,90,0,-174.358,-187.678,-187.678,0,,,,,,,-187.678,0,0,-,,,,,,,,,,
10247,210000507,شركة فادي ومحمد محمود حمدان / البان ضبعة,أمجد العمري,90,0.029,1281.649,22.757,0.029,22.728,,22.728,,,,,0.029,0,0,-,,,,,,,,,,
10250,210000355,شركة محمد صفوان زيزان وشركاه - النصر هايبر ماركت,جهاد فقوسة,90,246.035,0,246.035,246.035,0,,,,,,,246.035,0,0,-,,,,,,,,,,
20106,210000599,بقالة زكريا البطاينة,لؤي السيد,90,322.179,843.471,1224.101,1224.101,0,,,,,,,1224.101,0,0,-,,,,,,,,,,
10681,210000109,شركة زياد الخشان وشريكه,حسام البستنجي,90,0,12183.583,0,381.226,-381.226,-381.226,,,,,,381.226,1,9500,2026/08/26,,,,,,,,,,
10254,210000350,شركة نسر الاردن الدولية لتجارة المواد التموينية,سفيان التعمري,90,71.102,26.19,98.602,98.602,0,,,,,,,98.602,0,0,-,,,,,,,,,,
10140,210000385,شركة شمس الاردن للتسويق - هايبر ريتاج فرع ام القطين,سامر الدويك,90,0,432.355,457.267,457.267,0,,,,,,,457.267,0,0,-,,,,,,,,,,
10323,210000115,محلات سما القاهرة - المزرعة,محمد البستنجي,90,0,3768.261,0.011,0,0.011,,,-0.005,0.016,,,,1,1096,2026/07/25,,,,,,,,,,
20174,210000627,مؤسسة عبادة زغلول للمواد الغذائية,أمجد زكي,90,0,366.461,5.039,0,5.039,5.039,-3.504,3.504,,,,,0,0,-,,,,,,,,,,
10046,210000219,شركة الجود والندى للتجارة والاستيراد والتصدير,جهاد فقوسة,90,0,2398.699,1683.883,1683.883,0,,,,,,,1683.883,0,0,-,,,,,,,,,,
10045,210000221,شركة البصمة الكبرى التجارية,أمجد العمري,90,0,997.739,515.698,515.698,0,,,,,,,515.698,0,0,-,,,,,,,,,,
20184,110000559,تقي مول - الشوبك,محمد البستنجي,90,78.543,0,78.543,78.543,0,,,,,,,78.543,0,0,-,,,,,,,,,,
10686,110000152,محلات وليد عوض وشركاة,أمجد زكي,90,0,252.545,1.25,0,1.25,,,,1.25,,,,0,0,-,,,,,,,,,,
20169,110000699,مخابز العفيف الدولية,الادارة,90,0,6935,1461.02,0,1461.02,-1148.98,2610,,,-2200,2200,,0,0,-,,,,,,,,,,
10670,210000224,شركة عشاق الجنة التجارية,أمجد العمري,90,0,433.817,69.938,0,69.938,,69.938,,,,,,0,0,-,,,,,,,,,,
10052,110000512,شركة النسر العربي للمواد الغذائية,جهاد فقوسة,90,2430,0,2430,2430,0,,,,,,,2430,0,0,-,,,,,,,,,,
10212,210000529,مطعم دنيا للمشاوي _مرج الحمام,جهاد فقوسة,90,0,1042.074,430.464,0.464,430,-50,480,,,,,0.464,0,0,-,,,,,,,,,,
20160,110000689,مؤسسة زكريا خرفان للتوريدات الغذائية,الادارة,90,0,22625,1627,1627,0,,,,,,,1627,0,0,-,,,,,,,,,,
10001,210000249,أسواق احمد العموري,أمجد زكي,90,0,3740.411,1209.239,0,1209.239,805.145,398.349,,,5.745,,,0,0,-,,,,,,,,,,
10170,110000500,مطعم لحمة ولوز - الزرقاء,سامر الدويك,90,0,646.758,250.08,0,250.08,250.08,,,,,,,0,0,-,,,,,,,,,,
20107,110000572,مؤسسة شادي قنديل التجارية,الادارة,90,550,1998.542,2575.713,2575.713,0,,,,,,,2575.713,0,0,-,,,,,,,,,,
20251,210000539,شركة أمجد عمرو - الوحدات,جهاد فقوسة,90,0,1819.845,990.933,0,990.933,218.34,,636.207,,136.386,,,0,0,-,,,,,,,,,,
20185,210000634,مؤسسة عمر الناطور الاستهلاكية,لؤي السيد,90,860.567,0,860.567,860.567,0,,,,,,,860.567,0,0,-,,,,,,,,,,
20163,110000692,شركة الحلول الدولية للمواد الغذائية,الادارة,90,0,545454.545,-1616004,0,-1616004,-1087374,-528630,,,,,,0,0,-,,,,,,,,,,
20134,210000564,بقالة رزان ابو رمان - أبواب الرزق,أمجد زكي,90,0,1349.668,292.831,0,292.831,,292.831,,,,,,0,0,-,,,,,,,,,,
20186,210000635,سوبر ماركت بانا - السكين,محمد البستنجي,90,87.695,0,87.695,87.695,0,,,,,,,87.695,0,0,-,,,,,,,,,,
10597,210000204,شركة الولاء لخدمات الاعاشة,الادارة,90,0,210210.63,146188.034,78557.553,67630.481,,-2549.414,37567.111,4016.36,20347.835,8248.589,78557.553,0,0,-,,,,,,,,,,
10186,110000549,سوبر ماركت عبد الحليم شحادة,جهاد فقوسة,90,2881.237,0,2881.237,2881.237,0,,,,,,,2881.237,0,0,-,,,,,,,,,,
20194,110000596,أسواق ابو صالح - وادي موسى,محمد البستنجي,90,39.38,0,39.38,39.38,0,,,,,,,39.38,0,0,-,,,,,,,,,,
10698,110000192,شركة شمس الاردن للتسويق - فرع الجملة,سامر الدويك,90,0,12216.687,1698.308,1698.308,0,,,,,,,1698.308,1,2529.208,2026/07/23,,,,,,,,,,
10569,210000631,اسواق شهوان - ام البساتين,جهاد فقوسة,90,0,483.357,224.949,0,224.949,-35,210.257,,,49.692,,,0,0,-,,,,,,,,,,
10336,110000116,اسواق روابي راحوب للمواد الاستهلاكية,لؤي السيد,90,0.529,0,0.529,0.529,0,,,,,,,0.529,0,0,-,,,,,,,,,,
10075,210000035,مؤسسة علي الناجي,أمجد زكي,90,0,1688.009,0,0,0,0,,,,,,,0,0,-,,,,,,,,,,
20195,110000597,مؤسسة الزيادنة التجارية - معان,محمد البستنجي,90,167.333,0,167.333,167.333,0,,,,,,,167.333,0,0,-,,,,,,,,,,
20196,110000598,سوبر ماركت الرهايفة,محمد البستنجي,90,63.75,0,63.75,63.75,0,,,,,,,63.75,0,0,-,,,,,,,,,,
20197,210000505,مطعم بوابة البلقاء - السلط,أمجد زكي,90,0,4759.712,800.032,0.011,800.021,800,,,0.01,,0.011,0.011,0,0,-,,,,,,,,,,
20109,210000569,احمد ابو حشيش كاش فان,أحمد أبو حشيش,90,0,10495.511,52.221,2172.899,-2120.678,,,,,-1288.18,-832.498,2172.899,0,0,-,,,,,,,,,,
20201,210000180,شركة اسواق الصقر للمواد التموينية - عين الباشا,الادارة,90,49027.376,0,49027.376,49027.376,0,,,,,,,49027.376,0,0,-,,,,,,,,,,
20202,210000481,البان محمد عبدالله ابو ركبه - دوار المحبة,جهاد فقوسة,90,12.983,0,-8.038,12.983,-21.021,,,,-20,-1.021,,12.983,0,0,-,,,,,,,,,,
20203,210000494,مؤسسة احمد الشويات للمواد التموينية,لؤي السيد,90,1083.514,0,1083.514,1083.514,0,,,,,,,1083.514,0,0,-,,,,,,,,,,
10237,210000347,شركة أمجد البستنجي وشركاه - عمان,أمجد زكي,90,3579.315,2643.446,8122.818,7880.68,242.138,,163.238,,,,78.9,7880.68,0,0,-,,,,,,,,,,
20205,110000634,محلات هارون الشاويش -معان,محمد البستنجي,90,0,-268.56,-2.463,0,-2.463,,,,,,-2.463,,0,0,-,,,,,,,,,,
20116,210000482,محمد البستنجي مبيعات نقدية,محمد البستنجي,90,0,10861.538,4.54747E-13,9334.477,-9334.477,,,,,,-9334.477,9334.477,0,0,-,,,,,,,,,,
20206,110000635,سوبر ماركت جاد الله القيسي - الطفيله,محمد البستنجي,90,209.5,0,209.5,209.5,0,,,,,,,209.5,0,0,-,,,,,,,,,,
20207,210000558,محمص العائلة -غرندل,محمد البستنجي,90,0.125,0,-0.735,0.125,-0.86,,,,,-0.86,,0.125,0,0,-,,,,,,,,,,
20119,110000591,سوبر ماركت أم الشقف - غسان التعمري,الادارة,90,602.713,191.964,709.548,709.548,0,,,,,,,709.548,0,0,-,,,,,,,,,,
10578,210000138,ذمم عينات,الادارة,90,0,4683.022,2567.724,780.051,1787.673,35.077,177.485,178.471,447.227,271.378,678.035,780.051,0,0,-,,,,,,,,,,
20208,110000637,سوبر ماركت ربعي / العيص,محمد البستنجي,90,185.25,0,185.25,185.25,0,,,,,,,185.25,0,0,-,,,,,,,,,,
10232,210000286,سنابل المرج لتجارة المواد الغذائية / مرج الحمام,جهاد فقوسة,90,0,946.57,0.004,0.004,0,,,,,,,0.004,0,0,-,,,,,,,,,,
20209,110000639,سوبر ماركت عمران - غرندل / الطفيله,محمد البستنجي,90,183.835,0,183.835,183.835,0,,,,,,,183.835,0,0,-,,,,,,,,,,
20211,210000548,شركة ذئاب البحر الاحمر,لؤي السيد,90,822.829,0,822.829,822.829,0,,,,,,,822.829,0,0,-,,,,,,,,,,
20121,210000554,سوبر ماركت الاغوات - سيد الكرك,محمد البستنجي,90,0,440.009,0.009,0,0.009,,,0.009,,,,,0,0,-,,,,,,,,,,
10205,210000526,مخبز الجيل /الياسمين,الادارة,90,0,3012.59,843.5,1302.5,-459,,41,-500,,,,1302.5,0,0,-,,,,,,,,,,
10147,210000379,شركة يوسف مريش و اولاده,سامر الدويك,90,0,4122.026,36.809,0,36.809,,-194.3,231.109,,,,,1,536.687,2026/08/11,,,,,,,,,,
10014,210000251,الشريف لتجارة المواد الغذائية -أسواق السلام,أمجد العمري,90,0,444.949,124.905,0,124.905,,,124.905,,,,,0,0,-,,,,,,,,,,
10309,210000028,شركة احمد عبد الحميد الطراونة وشركاه,محمد البستنجي,90,0,5389.152,40.789,0,40.789,,40.789,,,,,,0,0,-,,,,,,,,,,
10503,220000001,مؤسسة احمد حسن ربيع لتجارة المواد الغذائية,سامر الدويك,90,0,10058.598,1618.095,0,1618.095,1631.884,-393.739,,,379.95,,,0,0,-,,,,,,,,,,
10322,210000023,محلات بكر التجارية - المزار,محمد البستنجي,90,0,246.078,-1.806,0,-1.806,,-1.806,,,,,,0,0,-,,,,,,,,,,
20142,210000486,مركز دفاع مدني الماضونه,جهاد فقوسة,90,0,382.3,0,0,0,,,,-0.8,0.8,,,0,0,-,,,,,,,,,,
10622,210000168,مؤسسة سمير عايض كردي العنزي للتجارة,الادارة,90,0,706218.85,683009.859,400437.056,282572.803,1508.07,77701.082,77046.006,0,66609.565,59708.08,400437.056,0,0,-,,,,,,,,,,
20233,110000625,شركة مواقع سامح التجارية,الادارة,90,37210.231,-131.175,37210.231,37210.231,0,,,,,,,37210.231,0,0,-,,,,,,,,,,
10007,210000158,اسواق جوافة للتموين,أمجد العمري,90,0,1235.276,84.887,84.887,0,,,,,,,84.887,0,0,-,,,,,,,,,,
10584,210000203,شركة  أمجد البستنجي و أولاده,الادارة,90,5357.038,36161.744,43762.614,43839.965,-77.351,,-77.351,,,,,43839.965,0,0,-,,,,,,,,,,
10372,210000412,شركة محمد جمعه حامد ابراهيم وشريكته,لؤي السيد,90,0,3369.601,0.968,0,0.968,,-1622.032,,1623,,,,1,3586,2026/08/06,,,,,,,,,,
20219,210000607,بقالة سما الفالوجة,أمجد العمري,90,0,0,2810.196,2810.196,0,,,,,,,2810.196,0,0,-,,,,,,,,,,
10022,210000244,بقالة عدنان و لينا,أمجد زكي,90,0,714.356,166.621,0,166.621,,,166.621,,,,,0,0,-,,,,,,,,,,
10273,110000461,أسواق السالم,محمد البستنجي,90,0,53.699,0.02,0,0.02,,,0.02,,,,,0,0,-,,,,,,,,,,
20220,110000685,أبو عمر الكركي - الكرك,محمد البستنجي,90,0,0,569.621,569.621,0,,,,,,,569.621,0,0,-,,,,,,,,,,
20130,210000469,أجنحة الصقر التجارية,محمد البستنجي,90,0,12059.341,0.886,0.886,0,,,,,,,0.886,1,4586,2026/07/15,,,,,,,,,,
10209,210000562,مخبز ميسر راضي الخطبا,الادارة,90,0,11135.872,2317.439,2079.027,238.412,-784.56,,1022.972,,0,,2079.027,0,0,-,,,,,,,,,,
10589,210000173,شركة الدسوقي والموسى,جهاد فقوسة,90,0,905.908,314.89,0,314.89,214.913,,99.977,,,,,0,0,-,,,,,,,,,,
10236,210000343,شركة أسواق كاس الرومان للمواد التموينية,جهاد فقوسة,90,0,1095.394,434.343,0,434.343,126.511,153.916,153.916,,,,,0,0,-,,,,,,,,,,
20144,210000565,أبو محمد - مخيم الوحدات,جهاد فقوسة,90,0,2035.035,860.9,72,788.9,474.92,313.98,,,,,72,0,0,-,,,,,,,,,,
20132,210000490,هلا مول - حسينية معان,محمد البستنجي,90,0,1163.431,0.798,0,0.798,,,,,,0.798,,0,0,-,,,,,,,,,,
10277,210000064,ابن صبح / طيبة البطوش,محمد البستنجي,90,0,1245.993,-357.007,0,-357.007,,0.024,4.423,,,-361.454,,0,0,-,,,,,,,,,,
10494,220000030,شركة محمد موسى عمرو و شركاه,الادارة,90,0,55945.564,-0.434,0,-0.434,,,,-0.434,,,,0,0,-,,,,,,,,,,
10061,210000239,شركة خليل الرمامنة وشركاه -اسواق البلدة,أمجد زكي,90,0,1896.031,0,0,0,-757.731,757.731,,,,,,1,757.731,2026/09/04,,,,,,,,,,
20216,210000594,الراعي للتموين,أمجد زكي,90,0,2499.762,118.734,0,118.734,118.272,0.462,,,,,,0,0,-,,,,,,,,,,
20135,110000650,بقالة هضاب الاقصى,جهاد فقوسة,90,0,731.689,532.483,532.483,0,,,,,,,532.483,0,0,-,,,,,,,,,,
10667,210000253,أسواق محمد الراعي,أمجد زكي,90,0,3372.275,-0.432,0,-0.432,2.647,-3.079,,,,,,0,0,-,,,,,,,,,,
10089,210000359,مؤسسة حمزة محمد عليمات,سامر الدويك,90,0,3192.956,190.012,0,190.012,190.02,-0.008,,,,,,0,0,-,,,,,,,,,,
20140,210000586,مؤسسة نبيل ابو سيف للدواجن,جهاد فقوسة,90,0,1600.161,1133.248,1018.048,115.2,,,,,,115.2,1018.048,0,0,-,,,,,,,,,,
20125,110000621,مخللات خيرات المملكة,الادارة,90,0,552.5,217.5,135,82.5,,82.5,,,,,135,0,0,-,,,,,,,,,,
10230,210000284,امجد محمد نبيل عبد الحميد عامر,أمجد العمري,90,363.191,525.507,917.734,363.191,554.543,554.543,,,,,,363.191,0,0,-,,,,,,,,,,
20178,210000456,شركة حمدان لصناعة المواد الغذائية,الادارة,90,0,13803.095,-1,124,-125,,-8768,,8643,,,124,2,11143,"2026/08/20, 2026/09/15",,,,,,,,,,
10227,210000309,اسواق ابو هاني -زيزيا,جهاد فقوسة,90,0,11914.293,4884.461,0,4884.461,1466.64,2259.09,921.6,115.2,121.931,,,1,3142.492,2026/08/20,,,,,,,,,,
20145,210000588,بقالة سيف الخشان,لؤي السيد,90,0,2876.59,217.96,0.48,217.48,,,,,217.48,,0.48,1,1512,2026/07/22,,,,,,,,,,
20146,210000518,سوبر ماركت محمد النجادة / مادبا,جهاد فقوسة,90,175.625,1997.276,1720.549,1750.549,-30,-300,,,,,270,1750.549,0,0,-,,,,,,,,,,
10274,210000053,أسواق رأفت السعودي - الطفيلة,محمد البستنجي,90,0,235.502,5.088,0,5.088,,5.088,,,,,,0,0,-,,,,,,,,,,
10098,210000537,أفران وحلويات القصر الشرقي -اربد,حسام البستنجي,90,0,24075.974,5395.328,178.008,5217.32,3177.32,,2000,,,40,178.008,0,0,-,,,,,,,,,,
20147,110000664,سوبر ماركت منصور المصري,أمجد العمري,90,0,460,0.006,0.006,0,,,,,,,0.006,0,0,-,,,,,,,,,,
20183,210000442,قصي ذيب كاش فان,قصي ذيب,90,0,10322.591,220.615,220.615,0,,,,,,,220.615,0,0,-,,,,,,,,,,
20182,210000690,بقالة محمد ابو محفوظ -الزرقاء,سامر الدويك,90,0,505.929,532.411,0,532.411,,532.411,,,,,,0,0,-,,,,,,,,,,
20148,110000665,شركة المعاصرون للصناعات الغذائية,الادارة,90,0,3544.736,597.292,597.292,0,,,,,,,597.292,0,0,-,,,,,,,,,,
10142,110000380,شركة فتحي و محمد صب لبن,سامر الدويك,90,0,1077.861,250.16,0,250.16,250.08,,0.08,,,,,0,0,-,,,,,,,,,,
20150,210000592,جبال ابو علندا للمواد التموينية,أمجد العمري,90,0,285.263,0.007,87.73,-87.723,,,,,,-87.723,87.73,0,0,-,,,,,,,,,,
10629,210000143,مخبز الدرة - جرش,حسام البستنجي,90,0,3681.818,2050,2000,50,,,,2050,,-2000,2000,0,0,-,,,,,,,,,,
10280,210000517,اسواق اطايب النعم - الربة,محمد البستنجي,90,0,767.637,-1.979,0,-1.979,,-1.975,-0.004,,,,,0,0,-,,,,,,,,,,
20153,110000674,مؤسسة محمد و حسام الشطي للمواد التموينية,لؤي السيد,90,0,428.6,0.03,0.03,0,,,,,,,0.03,0,0,-,,,,,,,,,,
10658,210000140,شركة ويفز العالمية / قطر,Export,90,0,179837.904,39570.815,41739.047,-2168.232,55154.6,-15693.537,,-42703.601,24342.445,-23268.139,41739.047,0,0,-,,,,,,,,,,
20154,210000597,بقالة ابراهيم حمدان,جهاد فقوسة,90,0,437.432,361.074,361.074,0,,,,,,,361.074,0,0,-,,,,,,,,,,
20124,210000499,عبد الرحمن شاهين لتجارة المواد الغذائية بالجملة,لؤي السيد,90,0,10501.324,1431.045,1543.925,-112.88,,1660,,-1772.88,,,1543.925,1,2606,2026/07/26,,,,,,,,,,
10193,210000522,شركة فلورا للصناعات الغذائية,الادارة,90,0,24916.726,-1002.777,0,-1002.777,-1002.777,,,,,,,1,5600,2026/07/25,,,,,,,,,,
10366,210000403,شركة البرتقالة الماسية لتجارة الخضار و الفواكه,لؤي السيد,90,0,16791.707,3121.148,867.971,2253.177,,,,,720,1533.177,867.971,1,2000,2026/07/27,,,,,,,,,,
10214,110000436,أبو جميل - زيزياء,جهاد فقوسة,90,0,0,-10,-10,0,,,,,,,-10,0,0,-,,,,,,,,,,
10195,210000556,شركة مخبز روابي الثقافة,حسام البستنجي,90,0,8974.762,-1170,0,-1170,,-1170,,,,,,0,0,-,,,,,,,,,,
20137,210000595,شركة بهاء الدين البستنجي و شركاه مبيعات,الادارة,90,0,190317.568,191031.061,157669.891,33361.17,,15752.832,,,17608.338,,157669.891,0,0,-,,,,,,,,,,
10029,210000273,روابي المحطة لتجارة اللحوم والدواجن,أمجد العمري,90,0,2288.629,830.183,0,830.183,182.193,,,,647.99,,,0,0,-,,,,,,,,,,
10192,210000524,شركة فادي احمد النجار وشركاه - البنيات,حسام البستنجي,90,0,28867.728,3915,0,3915,,1305,1305,,1305,,,0,0,-,,,,,,,,,,
10168,210000392,مخابز القدس - الزرقاء الجديدة,سامر الدويك,90,0,6455.755,2387.346,32.469,2354.877,1080.728,500.29,23.859,,750,,32.469,1,1932,2026/08/19,,,,,,,,,,
10487,120000011,محلات حلمي للمواد الغذائية,أمجد العمري,90,5,448.067,5.02,5.02,0,,,,,,,5.02,0,0,-,,,,,,,,,,
10012,210000159,الجمعية التعاونية للمتقاعدين العسكريين  لواء القصبة,أمجد العمري,90,0,829.117,135.089,0,135.089,,135.088,,,,0.001,,0,0,-,,,,,,,,,,
10489,120000019,شركة أحمد موسى و احمد ابو شنب,سامر الدويك,90,4135.364,0,4135.364,4135.364,0,,,,,,,4135.364,0,0,-,,,,,,,,,,
10189,210000589,سوق الطويل للمواد التموينية/ الطيبة,جهاد فقوسة,90,0,1694.403,0.01,0.01,0,,,,,,,0.01,0,0,-,,,,,,,,,,
10518,120000022,المال و البنون للمواد التموينية,أمجد زكي,90,-5.385,0,-5.385,-5.385,0,,,,,,,-5.385,0,0,-,,,,,,,,,,
20155,210000461,مؤسسة عبد الحميد نواف عوده للمواد التموينية,أمجد العمري,90,0,9508.273,908.25,908.25,0,,,,,,,908.25,0,0,-,,,,,,,,,,
20156,110000677,عصام فضل حمود,الادارة,90,0,481.442,499.98,499.98,0,,,,,,,499.98,0,0,-,,,,,,,,,,
10317,110000123,ماهر القرالة - سيد,محمد البستنجي,90,0,122.822,-2.257,0,-2.257,,,,-2.257,,,,0,0,-,,,,,,,,,,
10348,210000372,اسواق عمر الزعبي / الرمثا,لؤي السيد,90,0,32933.541,-21546.253,0,-21546.253,-22180.995,634.742,,,,,,14,47000,"2026/07/20, 2026/07/25, 2026/08/05, 2026/08/10, 2026/08/15, 2026/08/25, 2026/08/30, 2026/11/20, 2026/11/20, 2026/11/25, 2026/11/30, 2026/12/15, 2026/12/25, 2026/12/30",,,,,,,,,,
10191,210000511,شركة صقور عمان لتجارة المواد الغذائية,الادارة,90,0,40074.482,2175,15130,-12955,-33711,820,2000,2000,5100,10836,15130,0,0,-,,,,,,,,,,
10285,210000060,الشركة الاهلية المتكاملة - الوسية,محمد البستنجي,90,0,517.239,1.005,0.68,0.325,,,,,,0.325,0.68,0,0,-,,,,,,,,,,
10291,210000001,سوبر ماركت أحمد القرالة - طيبة الكرك,محمد البستنجي,90,0,3498.756,420.801,0,420.801,,226.204,141.192,53.405,,,,0,0,-,,,,,,,,,,
20100,210000441,محمد البستنجي كاش فان,محمد البستنجي,90,0,5131.917,-0.281,-0.025,-0.256,,-0.256,,,,,-0.025,0,0,-,,,,,,,,,,
10090,210000121,أسواق روابي أبيلا - الزرقاء الجديدة,سامر الدويك,90,0,1589.383,370.509,0,370.509,370.348,-46.809,,,46.97,,,0,0,-,,,,,,,,,,
10616,110000218,شركة مخابز السنبلة  / الماسية,حسام البستنجي,90,4352.208,1818.18,176.268,6352.206,-6175.938,-2963.85,,,-3212.088,,,6352.206,0,0,-,,,,,,,,,,
20115,210000575,سفيان التعمري مبيعات نقدية,سفيان التعمري,90,0,8423.367,150.086,47.132,102.954,,,,,,102.954,47.132,0,0,-,,,,,,,,,,
20159,210000606,سوبر ماركت و مجمدات ايمان حربا,جهاد فقوسة,90,0,467.354,348.556,348.556,0,,,,,,,348.556,0,0,-,,,,,,,,,,
10183,210000514,ربوة ناعور _ناعور,جهاد فقوسة,90,0,3575.744,2187.541,450.701,1736.84,,424,173.52,,1139.32,,450.701,0,0,-,,,,,,,,,,
10590,210000179,شركة الشلتاوي والنجار - شلنر,حسام البستنجي,90,0,15812.797,1720.009,0.009,1720,,,1720,,,,0.009,0,0,-,,,,,,,,,,
10611,210000147,شركة محمود وليد الجيطان و شركاه - المطار,حسام البستنجي,90,0,7240.189,2475,0,2475,2475,,,,,,0,0,0,-,,,,,,,,,,
10023,210000268,بيت الزيتون للمواد الغذائية,أمجد زكي,90,-0.862,1178.071,1236.112,1236.112,0,,,,,,,1236.112,0,0,-,,,,,,,,,,
10599,110000235,شركة بهاء الدين البستنجي وشريكه -  الكرك,الادارة,90,-118540.09,0,270862.469,3645.048,267217.421,53000,49119.185,24044.515,40450.021,43202.7,57401,3645.048,5,200000,"2027/01/20, 2027/02/20, 2027/03/20, 2027/04/20, 2027/05/20",,,,,,,,,,
10594,110000233,شركة الطير الذهبي للصناعات الغذائية,الادارة,90,0,102503.903,26114.5,8200,17914.5,,,,,10944.5,6970,8200,0,0,-,,,,,,,,,,
10614,210000153,شركة محمود وليد الجيطان و شركاه - عبدون,حسام البستنجي,90,0,3904.778,1237.5,0,1237.5,1237.5,,,,,,,0,0,-,,,,,,,,,,
10514,220000005,محلات ملوح مادبا,جهاد فقوسة,90,0,2839.349,385.902,-0.045,385.947,79.95,305.997,,,,,-0.045,0,0,-,,,,,,,,,,
10194,210000523,شركة محمود الشلتاوي وشركاه - الضاحية,حسام البستنجي,90,0,25975.285,4993.807,3045,1948.807,1760,66.693,,,122.114,,3045,0,0,-,,,,,,,,,,
10601,110000237,شركة تزويد للحلول التجارية,الادارة,90,1681.255,0,1681.255,1681.255,0,,,,,,,1681.255,0,0,-,,,,,,,,,,
10235,210000287,سوبر ماركت وردة الهيام,جهاد فقوسة,90,0,444.172,19.54,69.54,-50,-50,,,,,,69.54,0,0,-,,,,,,,,,,
20122,210000538,شركة الصفوة لتجارة المواد الغذائية,جهاد فقوسة,90,0,540.36,1.348,0,1.348,,,,,1.348,,,0,0,-,,,,,,,,,,
10265,110000451,محمد حمدان وشريكه,أمجد العمري,90,0,4926.167,72,0,72,72,,,,,,,0,0,-,,,,,,,,,,
10613,210000154,شركة محمود وليد الجيطان و شركاه - خلدا,حسام البستنجي,90,0,4722.958,1237.5,0,1237.5,1237.5,,,,,,,0,0,-,,,,,,,,,,
10344,210000436,اسواق الفرقان /اربد,لؤي السيد,90,0,5944.678,2426.341,2196.341,230,,,230,,,,2196.341,0,0,-,,,,,,,,,,
10095,210000107,اسواق الجامع للمواد الغذائية,سامر الدويك,90,0,60032.215,5969.292,3133.86,2835.432,,,,,2835.432,,3133.86,2,8000,"2026/07/24, 2026/08/07",,,,,,,,,,
10383,210000305,مجمدات أبو موسى - أربد,لؤي السيد,90,0,9256.079,2383.075,0,2383.075,494.436,230.4,,699.84,949.615,8.784,,0,0,-,,,,,,,,,,
10642,110000248,شركة ابو عودة اخوان,الادارة,90,0,0,0.002,0.002,0,,,,,,,0.002,0,0,-,,,,,,,,,,
10042,210000218,شركة الاتجاة التوفيري لتسويق المواد التموينية/الجامعة,أمجد زكي,90,0,1936.601,504.997,0,504.997,504.997,,,0,0,,,2,840.081,"2026/07/20, 2026/07/22",,,,,,,,,,
10043,210000215,شركة الاتجاة التوفيري لتسويق المواد التموينية/الخرابشة,أمجد زكي,90,0,1483.78,320.076,0,320.076,320.076,,,0,,,,2,545.921,"2026/07/15, 2026/08/10",,,,,,,,,,
10044,210000608,شركة الاتجاه التوفيري لتجارة المواد التموينية /ابو القيقب,أمجد زكي,90,0,1057.004,232.449,0,232.449,232.396,,,,0.053,,,2,373.584,"2026/07/30, 2026/07/30",,,,,,,,,,
10241,110000427,شركة بيروجيا لتجارة المواد الغذائية,الادارة,90,0,0,-0.002,0,-0.002,,,,-0.002,,,,0,0,-,,,,,,,,,,
10010,210000161,البان وأجبان غيث - دوار الواحة,أمجد زكي,90,0,646.101,151.233,43.38,107.853,,,-11.18,,119.033,,43.38,0,0,-,,,,,,,,,,
20161,210000611,ابو عطا للمواد التموينية الطفيلة,محمد البستنجي,90,0,876.44,143.8,143.8,0,,,,,,,143.8,0,0,-,,,,,,,,,,
20165,110000694,عدنان خلف الشملان,الادارة,90,0,8085.392,3906.721,0,3906.721,,,885.9,,1725.5,1295.321,,0,0,-,,,,,,,,,,
20176,210000630,يزن حمدان -كاش فان,يزن حمدان,90,0,4273.36,1003.208,0,1003.208,-1410.841,194.52,1127.881,621.668,469.98,,,0,0,-,,,,,,,,,,
10169,110000501,مصنع واحة الياسمين للعصائر والموهيتو,سامر الدويك,90,3509.811,0,8509.811,6509.811,2000,,,,,2000,,6509.811,1,719,2026/07/24,,,,,,,,,,
20177,210000637,أسواق احمد يحيى للتوفير,أمجد العمري,90,0,1753.422,1791.289,0,1791.289,1116.497,,,674.792,,,,0,0,-,,,,,,,,,,
10013,110000381,شركة الحويان وحمدان,أمجد زكي,90,0,8221.787,460.836,0,460.836,460.836,,,,,,,0,0,-,,,,,,,,,,
10103,210000081,بقالة جمال ناصر,سامر الدويك,90,824.25,2113.728,3474.249,874.249,2600,,,2600,,,,874.249,0,0,-,,,,,,,,,,
20143,210000471,بقالة والبان القيروان,أمجد العمري,90,0,1149.736,12.507,12.507,0,,,,,,,12.507,0,0,-,,,,,,,,,,
10231,210000294,بقالة الاخ الرائع - المقابلين,أمجد زكي,90,0,18378.792,6782.229,507.761,6274.468,1750.35,,4111.678,,412.44,,507.761,1,190,2026/07/26,,,,,,,,,,
10229,210000282,المؤسسة الاستهلاكية للأمن العام,أمجد زكي,90,0,3835.859,676.084,111.341,564.743,245.457,,278.306,,,40.98,111.341,0,0,-,,,,,,,,,,
10270,210000335,مطعم علي بابا - نزال,جهاد فقوسة,90,0,2663.096,1204,294,910,430,,,,480,,294,0,0,-,,,,,,,,,,
10175,210000510,البان الخبير- خريبة السوق,جهاد فقوسة,90,0,1308.323,749.671,509.865,239.806,,,201.806,,,38,509.865,0,0,-,,,,,,,,,,
10368,210000415,شركة اليرموك للمواد الغذائية,لؤي السيد,90,0,24033.19,5834.839,0,5834.839,1749.6,4085.239,,,,,,1,4000,2026/07/19,,,,,,,,,,
10224,210000292,أسواق ومصانع خان يونس التجارية,أمجد زكي,90,0,9441.459,5514.202,0,5514.202,2929.911,1727.877,,,856.414,,,1,1470.437,2026/07/15,,,,,,,,,,
10650,110000251,شركة سامح مول ذ.م.م,الادارة,90,62629.582,0,62629.582,62629.582,0,,,,,,,62629.582,0,0,-,,,,,,,,,,
10156,110000355,مؤسسة صناع التقدم - الغويرية,سامر الدويك,90,6100,0,6100,6100,0,,,,,,,6100,0,0,-,,,,,,,,,,
10063,210000237,شركة زقاق ميلانو لتجارة المواد الغذاية,جهاد فقوسة,90,0,4390.573,1002.705,689.299,313.406,,313.406,,,,,689.299,1,1000,2026/07/16,,,,,,,,,,
20149,210000472,سوبر ماركت الشلة,جهاد فقوسة,90,0,979.578,149.712,0,149.712,-50,,199.712,,,,,0,0,-,,,,,,,,,,
10162,210000396,محلات الديوان - العموش,سامر الدويك,90,0,398.971,46.127,0.047,46.08,46.08,,,,,,0.047,0,0,-,,,,,,,,,,
10373,210000413,شركة مخابز الاتصال الالية - سوبر ماركت,لؤي السيد,90,0,1114.266,500.184,0,500.184,127.714,372.47,,,,,,0,0,-,,,,,,,,,,
10197,210000139,قدورة للدواجن و المجمدات,أمجد زكي,90,0,2201.806,426.376,0,426.376,446.624,,-202.627,182.379,,,,0,0,-,,,,,,,,,,
10406,240000001,شركة يوسف نادر و أولاده,الادارة,90,0,32578.448,2913.313,3739.732,-826.419,1550,-8069.185,-8182.8,,11360.8,2514.766,3739.732,0,0,-,,,,,,,,,,
10282,210000068,اسواق الجملة المركزية - مؤتة,محمد البستنجي,90,0,830.604,316.561,15.916,300.645,,300.645,,,,,15.916,0,0,-,,,,,,,,,,
20171,110000704,شركة محمد الدرابسة و شركاه مخبز انوار المدينة الطرة,الادارة,90,0,1720,28.95,558.9,-529.95,,,-529.95,,,,558.9,0,0,-,,,,,,,,,,
20152,210000491,محلات لبابنة للمواد الغذائية و التموينية,لؤي السيد,90,0,1887.566,16.761,0,16.761,,,16.761,,,,,0,0,-,,,,,,,,,,
10185,210000557,سوبر ماركت جلكسي ون,جهاد فقوسة,90,0,5140.005,1836.886,0.238,1836.648,1225.256,,611.264,,,0.128,0.238,2,927,"2026/07/21, 2026/07/21",,,,,,,,,,
10288,210000056,جمعية المتقاعدين العسكرين - غرندل,محمد البستنجي,90,354.408,0,350.216,350.216,0,,,,,,,350.216,0,0,-,,,,,,,,,,
10163,210000390,محمد الاقطش للمجمدات - الزرقاء,سامر الدويك,90,0,537.998,563.934,0,563.934,563.934,,,,,,,0,0,-,,,,,,,,,,
20210,210000516,اسواق المهندس للتسوق - العيص,محمد البستنجي,90,362.85,145.734,450.012,362.85,87.162,,,,,,87.162,362.85,0,0,-,,,,,,,,,,
10104,210000078,بقالة حسين الخوالدة,سامر الدويك,90,0,22187.183,6606.009,84.545,6521.464,2065.826,1623.856,,,584.024,2247.758,84.545,0,0,-,,,,,,,,,,
10692,210000026,عطارة الياسين - المزار,محمد البستنجي,90,0,1355.435,0.623,0,0.623,-41.697,,42.32,,,,,1,181,2026/08/14,,,,,,,,,,
20133,210000549,سوبر ماركت ياسمين وبشار,أمجد العمري,90,0,477.113,312.216,181.849,130.367,,130.367,,,,,181.849,0,0,-,,,,,,,,,,
10609,210000193,شركة فادي وشادي سعادة,جهاد فقوسة,90,0,12912.117,3973.686,0,3973.686,1043.992,1292.48,120,1517.214,,,,0,0,-,,,,,,,,,,
20253,210000547,شركة وريف لخدمات الطعام,جهاد فقوسة,90,0,844.009,0.8,0,0.8,0,0.8,,,,,,0,0,-,,,,,,,,,,
10604,110000212,شركة ديوان الشرق للصناعات الغذائية,الادارة,90,0,67250,-2265.288,0,-2265.288,-10222.717,8000,,,,-42.571,,0,0,-,,,,,,,,,,
10155,210000358,مؤسسة زهرة الطيبات للمواد الاستهلاكية,سامر الدويك,90,0,7133.144,2857.211,463.441,2393.77,2047.135,,537.804,,-191.169,,463.441,0,0,-,,,,,,,,,,
20173,210000622,حسن المشايخ -كاش فان,حسن المشايخ,90,0,408.944,433.957,0,433.957,,,,,433.957,,,0,0,-,,,,,,,,,,
10296,210000015,سوبر ماركت البركة - الصافي,محمد البستنجي,90,0.056,330.499,0.577,46.136,-45.559,,,-46,,,0.441,46.136,0,0,-,,,,,,,,,,
10517,220000021,الدربيات للتوزيع,جهاد فقوسة,90,0,3669.957,216.3,0,216.3,216.3,,,,,,,0,0,-,,,,,,,,,,
10119,210000076,بقالة يحيى الانس,سامر الدويك,90,0,11581.854,851.21,0,851.21,732.938,118.272,,,,,,0,0,-,,,,,,,,,,
10572,210000184,البان زياد ابو ركبة_مادبا,جهاد فقوسة,90,0,424.883,54.53,18.782,35.748,-40,,,,75.748,,18.782,0,0,-,,,,,,,,,,
10128,210000096,شركة ابراهيم محمد النميري وشركاه- اسواق هاشم,سامر الدويك,90,0,2633.197,2012.745,0,2012.745,375.024,,1637.721,,,,,0,0,-,,,,,,,,,,
10087,210000122,أسواق أبو حبل للتموين - الظليل,سامر الدويك,90,0,18508.522,5010.711,5.392,5005.319,4018.931,448.788,,,537.6,,5.392,2,4191,"2026/09/21, 2026/10/01",,,,,,,,,,
20111,210000572,امجد زكي مبيعات نقدية,أمجد زكي,90,0,3492.873,272.002,0.005,271.997,271.997,0,,,,,0.005,0,0,-,,,,,,,,,,
10112,110000282,بقالة علي خليفه مبارك بصبوص,سامر الدويك,90,0,2888.463,278.7,0,278.7,,,,,278.7,,,0,0,-,,,,,,,,,,
20172,210000623,يوسف أحمد كاش فان,يوسف أحمد,90,0,13387.689,5120.073,0,5120.073,-103.506,477.634,2324.018,1273.628,646.458,501.841,,0,0,-,,,,,,,,,,
10004,210000256,أسواق عرفات خشرم التجارية - عين الباشا,أمجد زكي,90,0,2087.026,230,0,230,227.662,-6.513,8.851,,,,,0,0,-,,,,,,,,,,
10006,210000248,أمين عادل أمين البابا,أمجد زكي,90,0,1715.992,208.177,0,208.177,217.669,0,-9.492,,,,,0,0,-,,,,,,,,,,
10691,110000151,شركة بهاء الدين عبدالرحيم البستنجي وشريكه,محمد البستنجي,90,1932.515,1356.25,1015.079,1932.515,-917.436,-341.171,,-576.265,,,,1932.515,0,0,-,,,,,,,,,,
10595,210000474,شركة المحترفون لصناعة الشوكلاتة,الادارة,90,0,36505,12410,0,12410,7310,5100,,,,,,0,0,-,,,,,,,,,,
10669,210000238,شركة خضر حسين عطية / البيادر,أمجد زكي,90,0,12033.555,2658.001,0,2658.001,2658.001,,,,,,,0,0,-,,,,,,,,,,
10117,210000070,بقالة مصعب أبو شحادة - الزرقاء,سامر الدويك,90,0,826.515,0,0,0,0,,,,,,,0,0,-,,,,,,,,,,
10059,210000233,شركة جوهرة سنبلة حطين التجارية,أمجد زكي,90,0,47847.404,744.001,0,744.001,,744,,,0.001,,,1,851.762,2026/08/11,,,,,,,,,,
20189,110000563,قهوة عاصم العيص,محمد البستنجي,90,36,0,36,36,0,,,,,,,36,0,0,-,,,,,,,,,,
10037,210000210,شركة أسواق سلالة,أمجد زكي,90,0,475.08,128.357,0,128.357,127.325,,1.032,,,,,0,0,-,,,,,,,,,,
10036,210000040,سوبر ماركت نبع وادي السير لتجارة المواد الغذائية,أمجد زكي,90,0.841,699.913,0.02,456.96,-456.94,,,-456.94,,,,456.96,0,0,-,,,,,,,,,,
10665,210000160,الشريف لتجارة المواد الغذائية - الفنتوش مول,أمجد زكي,90,0,3183.277,0,0,0,0,,,,,,,0,0,-,,,,,,,,,,
10647,210000198,شركة المرأة العصرية للتجارة العامة,جهاد فقوسة,90,0,1240.915,0.001,0.001,0,0,,,,,,0.001,0,0,-,,,,,,,,,,
20168,210000617,مؤسسة سهير الاسطل للمواد الغذائية,أمجد العمري,90,0,732.486,15.421,308.231,-292.81,,-292.81,,,,,308.231,0,0,-,,,,,,,,,,
10144,210000388,شركة قوام الحسناء للتمور,سامر الدويك,90,0,1466.288,-231.676,0,-231.676,,-231.676,,,,,,1,500,2026/07/31,,,,,,,,,,
10707,210000414,شركة محمد عبد الرحمن الزعبي و شريكته,لؤي السيد,90,0,240.347,0,72,-72,,-72,,,,,72,0,0,-,,,,,,,,,,
20170,210000545,مؤسسة معتز البواريد لتجارة المواد التموينية,جهاد فقوسة,90,0,3522.789,0.041,14,-13.959,,-1170,,,-13.959,1170,14,1,1170,2026/07/24,,,,,,,,,,
10313,210000020,فيصل مول - معان,محمد البستنجي,90,307.896,673.048,773.097,575.097,198,,,,,,198,575.097,0,0,-,,,,,,,,,,
10143,210000386,شركة قاسم محمد الاحمد وشركاه,سامر الدويك,90,0,1213.84,-0.095,0,-0.095,,,,,-0.095,,,0,0,-,,,,,,,,,,
10652,210000194,شركة فيلادلفيا للصناعة و التجارة,الادارة,90,0,3133.365,-0.32,0.001,-0.321,-3290.354,,,,3290.033,,0.001,1,3290.354,2026/07/23,,,,,,,,,,
10644,210000200,شركة العيد لتجارة المواد الغذائية و التجميل,الادارة,90,0,4869.356,112.054,0.304,111.75,-2400,2511.75,,,,,0.304,1,2400,2026/07/20,,,,,,,,,,
10213,210000322,عيسى حسني حسن ابو عودة,جهاد فقوسة,90,0,2197.768,673.569,723.483,-49.914,,-49.914,,,,,723.483,0,0,-,,,,,,,,,,
10293,210000011,سوبر ماركت الامين - العدنانية,محمد البستنجي,90,0,365.24,4.952,0,4.952,,,,4.952,,,,0,0,-,,,,,,,,,,
20265,230000007,شركة سكاي ستار للتجارة العامة للمواد الغذائية,Export,90,-2081.521,16047.809,-8912.147,13966.288,-22878.435,,-2292.452,,,,-20585.983,13966.288,0,0,-,,,,,,,,,,
10097,210000128,أسواق الدلة - الزرقاء الزواهرة,سامر الدويك,90,0,564.073,115.481,0,115.481,,,,115.481,,,,0,0,-,,,,,,,,,,
20259,210000601,مؤسسة رائد العلوي للتموين,الادارة,90,0,1112.863,0.006,0.006,0,,,,,,,0.006,0,0,-,,,,,,,,,,
20260,230000029,شركة عسل الرمال لتجارة التمور,الادارة,90,0,12365.19,3560.604,2976.385,584.219,,,,-3485.621,,4069.84,2976.385,0,0,-,,,,,,,,,,
20261,210000618,مخابز الاحسان,الادارة,90,0,1818.182,2000,2000,0,,,,,,,2000,0,0,-,,,,,,,,,,
20244,210000500,شركة زيدان العموري واولاده,الادارة,90,4101.92,0,0,0,0,,,,,,,0,0,0,-,,,,,,,,,,
20246,210000503,سوبر ماركت بلال القريوتي,جهاد فقوسة,90,0,676.115,529.92,0,529.92,,529.92,,,,,,0,0,-,,,,,,,,,,
20222,210000609,حجر الزيتون لخدمات الطعام و الشراب,الادارة,90,0,327.273,110,0,110,,110,,,,,,0,0,-,,,,,,,,,,
10513,220000027,محلات فادي درابكه للمواد التموينية,لؤي السيد,90,0.94,552.818,613.924,0.94,612.984,612.984,,,,,,0.94,0,0,-,,,,,,,,,,
10058,210000232,شركة جمال ناصر وشركاه - سوق السلطان,أمجد زكي,90,0,478.765,170.625,0,170.625,38.731,,68.97,17.644,45.28,,,0,0,-,,,,,,,,,,
20264,230000009,شركة وردة الصفصاف اللتجارية,Export,90,235.388,0,235.388,235.388,0,,,,,,,235.388,0,0,-,,,,,,,,,,
10048,210000208,شركة الرشد للاستيراد والتصدير,أمجد زكي,90,0,346.364,139.92,0,139.92,139.92,,,,,,,0,0,-,,,,,,,,,,
20269,230000006,OMARA IMPORT,Export,90,8905.403,50496.733,7125.788,35468.063,-28342.275,,,,-14180,,-14162.275,35468.063,0,0,-,,,,,,,,,,
10065,210000225,شركة سنشري مول,أمجد زكي,90,0,137.27,88.825,0,88.825,,,,,,88.825,,0,0,-,,,,,,,,,,
10723,210000326,محلات ابو صايل / اليادودة,جهاد فقوسة,90,0,84.239,88.451,0,88.451,,88.451,,,,,,0,0,-,,,,,,,,,,
10066,210000226,شركة سوبر ماركت ربوع القدس,جهاد فقوسة,90,0,2949.396,355.429,0,355.429,355.429,,,,,,,1,733.906,2026/07/28,,,,,,,,,,
20258,230000026,نوار اتجارة المواد الغذائية,جهاد فقوسة,90,6944.938,3630.753,8965.413,7158.536,1806.877,360,-683.52,,-170.877,427.198,1874.076,7158.536,0,0,-,,,,,,,,,,
20266,230000012,شركة الوادي الاخضر -بيروت,Export,90,-3930.502,9146.4,-1143.832,-10290.232,9146.4,,,,,,9146.4,-10290.232,0,0,-,,,,,,,,,,
10153,210000378,مؤسسة احمد نجادات لتجارة المواد التموينية,سامر الدويك,90,0,35.347,38.962,0,38.962,38.962,,,,,,,0,0,-,,,,,,,,,,
10492,220000019,شركة جبل الشيخ لتجارة المواد التموينية -أربد,لؤي السيد,90,0,1741.696,1165.383,819.303,346.08,,346.08,,,,,819.303,0,0,-,,,,,,,,,,
10207,210000528,مخبز انوار الرحمن,الادارة,90,0,3450,-9.23706E-14,1649.523,-1649.523,,,-1649.523,,,,1649.523,0,0,-,,,,,,,,,,
10220,210000278,أسواق حسن مصطفى - التاج,جهاد فقوسة,90,0,166.667,110,0,110,110,,,,,,,0,0,-,,,,,,,,,,
20267,230000003,super food srls,Export,90,19347.192,0,19347.192,19347.192,0,,,,,,,19347.192,0,0,-,,,,,,,,,,
10228,210000283,انس عزات عبد السميع غيث - البان غيث نزال,جهاد فقوسة,90,0,157.143,15,15,0,,,,,,,15,0,0,-,,,,,,,,,,
10181,210000552,توزيعات السامر,الادارة,90,5419.473,0,5258.473,5419.473,-161,,-161,,,,,5419.473,0,0,-,,,,,,,,,,
10246,210000342,شركة عماد ياسين وشريكه,جهاد فقوسة,90,0,1228.75,-0.012,-0.012,0,,,,,,,-0.012,0,0,-,,,,,,,,,,
20257,230000025,شركة دمشق القديمة,Export,90,1007.135,14.286,1007.135,1007.135,0,,,,,,,1007.135,0,0,-,,,,,,,,,,
10251,210000357,شركة محمد وسامي العبسي - الجمرك,جهاد فقوسة,90,0,741.557,0,0,0,-780.504,495,,,285.504,,,1,780.504,2026/08/07,,,,,,,,,,
20180,210000691,اسواق رائد الكرد الاستهلاكية,أمجد العمري,45,0,101.263,106.326,0,106.326,106.326,,,,,,,0,0,-,,,,,,,,,,
20243,210000497,شركة زيت وخل للاستيراد والتصدير,جهاد فقوسة,90,45.6,489.14,93.6,93.6,0,,,,,,,93.6,0,0,-,,,,,,,,,,
10264,210000318,محمد اندي - الاشرفية,جهاد فقوسة,90,0,71.584,0.024,0.024,0,,,,,,,0.024,0,0,-,,,,,,,,,,
20268,230000010,VG FERRARIS 15,Export,90,32379.846,0,0,0,0,,,,,,,0,0,0,-,,,,,,,,,,
10278,210000061,اسواق ابو هاني - وادي موسى,محمد البستنجي,90,0,166.629,0.289,0,0.289,,,,,0.289,,,0,0,-,,,,,,,,,,
10184,210000566,سوبر ماركت الشلتاوي _سحاب,أمجد العمري,90,189.133,0,0.133,189.133,-189,,-189,,,,,189.133,0,0,-,,,,,,,,,,
10294,210000017,سوبر ماركت الباشا - الكرك,محمد البستنجي,90,0,248.139,0.546,0,0.546,,,,,0.546,,,1,260,2026/07/23,,,,,,,,,,
10298,210000003,سوبر ماركت المصطفى - الغور,محمد البستنجي,90,0,27.94,-0.013,0,-0.013,,-0.013,,,,,,0,0,-,,,,,,,,,,
20270,230000004,MEDITERRANEAN IMPORT LTD,Export,90,41477.292,0,41477.292,41477.292,0,,,,,,,41477.292,0,0,-,,,,,,,,,,
10312,210000032,عبد الحفيظ السوداني - الغور الصافي,محمد البستنجي,90,0,171.291,-0.106,0,-0.106,,-0.106,,,,,,0,0,-,,,,,,,,,,
20271,230000020,IKRAMI DISTRIBUTION,Export,90,10829.481,0,10829.481,10829.481,0,,,,,,,10829.481,0,0,-,,,,,,,,,,
10351,210000399,البان التوحيد -أربد,لؤي السيد,90,0,1302.859,330,0,330,,330,,,,,,0,0,-,,,,,,,,,,
20272,230000016,HECHAM GROUP PTY LT,Export,90,-0.25,0,-0.25,-0.25,0,,,,,,,-0.25,0,0,-,,,,,,,,,,
10714,210000281,البان غيث / نزال,جهاد فقوسة,90,0,625.826,287.235,0,287.235,119.049,,116.144,,,52.042,,0,0,-,,,,,,,,,,
10674,210000047,فؤاد خوري و شركاه,أمجد زكي,90,0,389.99,102.038,0,102.038,30,,72.038,,,,,0,0,-,,,,,,,,,,
10488,220000017,شركة أبناء الشرقطلي - الرمم,أمجد العمري,90,0,513.257,538.92,198.96,339.96,,,,,,339.96,198.96,0,0,-,,,,,,,,,,
10666,210000252,الشريف لتجارة المواد الغذائية -القرية ستورز,أمجد زكي,90,0,336.161,-6.66134E-15,0,-6.66134E-15,-88.451,88.451,,,,,,0,0,-,,,,,,,,,,
10509,220000009,مؤسسة ومستودع محمود العمري - مادبا,جهاد فقوسة,90,0,2749.662,850.144,0.544,849.6,,849.6,,,,,0.544,0,0,-,,,,,,,,,,
20249,210000533,حازم العجة,جهاد فقوسة,90,0,347.785,91.174,0,91.174,-28.288,,,119.462,,,,0,0,-,,,,,,,,,,
10519,220000002,مؤسسة أحمد مسمح للمواد الغذائية - جرش,لؤي السيد,90,0,1078.476,0,0,0,-1132.4,1132.4,,,,,,1,1132.4,2026/08/29,,,,,,,,,,
10593,210000177,شركة الطبق للصناعات الغذائية,حسام البستنجي,90,0,5272.74,0,0,0,,0,,,,,,0,0,-,,,,,,,,,,
10716,210000293,سلة الزيتون,أمجد العمري,90,0,737.945,7.039,0.04,6.999,,,,,,6.999,0.04,0,0,-,,,,,,,,,,
10651,210000190,شركة سموع للقهوة,الادارة,90,0,2380.948,649.995,0,649.995,650,,,,,-0.005,,0,0,-,,,,,,,,,,
10615,210000145,شركة مخابز الاتصال الالية,حسام البستنجي,90,0,951.604,-0.088,0,-0.088,,,,,-0.088,,,0,0,-,,,,,,,,,,
10701,210000397,محلات خيرات بلدنا - الزرقاء,سامر الدويك,90,1781,0,1681,1781,-100,,-100,,,,,1781,0,0,-,,,,,,,,,,
10641,210000187,المتحدة الدولية لصناعة المستحضرات الصيدلانية,الادارة,90,0,1237.5,1435.5,0,1435.5,1435.5,,,,,,,0,0,-,,,,,,,,,,
10248,210000348,شركة مؤته الحديثة لانتاج وتربية الدواجن - مرج الحمام,جهاد فقوسة,90,180.635,0,180.635,180.635,0,,,,,,,180.635,0,0,-,,,,,,,,,,
10648,210000205,شركة أرض الشام للمطاعم,الادارة,90,0,10885.718,7759.758,8937.094,-1177.336,,-1177.336,,,,,8937.094,0,0,-,,,,,,,,,,
10687,210000049,مركز حبيبة التجاري - الرابية,أمجد زكي,90,0,197.424,29.106,0,29.106,29.106,,,,,,,0,0,-,,,,,,,,,,
10657,210000146,شركة هشام القيسي واولاده,حسام البستنجي,90,0,1530.96,280,767.504,-487.504,280,-767.504,,,,,767.504,0,0,-,,,,,,,,,,
10671,210000229,شركة علان وشريكه - اسواق وادي صقرة,جهاد فقوسة,90,0,283.246,108.857,0.001,108.856,,52.712,,56.144,,,0.001,0,0,-,,,,,,,,,,
10359,210000407,بقالة نجاح الجراح,لؤي السيد,90,142.58,0,142.58,142.58,0,,,,,,,142.58,0,0,-,,,,,,,,,,
10684,210000130,العمر الطويل للتموين / مؤسسة ايمن البغشي,سامر الدويك,90,0,223.485,0.01,0,0.01,0.013,,,,,-0.003,,0,0,-,,,,,,,,,,
10706,210000419,شركة حداثة للأسواق التجارية المتكاملة,لؤي السيد,90,80.671,0,80.671,80.671,0,,,,,,,80.671,0,0,-,,,,,,,,,,
10685,210000135,المملكة الحرة للاستثمارات التجارية -الروضة,سامر الدويك,90,0,409.43,229.902,229.902,0,,,,,,,229.902,0,0,-,,,,,,,,,,
10357,210000420,بقالة أيدون - اربد,لؤي السيد,90,358.464,0,358.464,358.464,0,,,,,,,358.464,0,0,-,,,,,,,,,,
10695,210000136,اياد المحشي للخضار والفواكه,سامر الدويك,90,0,262.541,0,-27.055,27.055,27.055,,,,,,-27.055,0,0,-,,,,,,,,,,
20273,230000024,Green World Food Express INC,Export,90,3366.578,0,3366.578,3366.578,0,,,,,,,3366.578,0,0,-,,,,,,,,,,
20235,210000447,مؤسسة سليمان ابو عودة لتجارة المواد الغذائية,جهاد فقوسة,90,0,3511.932,3312.046,1086.946,2225.1,,,,2225.1,,,1086.946,0,0,-,,,,,,,,,,
20262,210000619,مطعم ياسر عبدالله البستنجي,محمد البستنجي,90,0,702.857,150,0,150,150,,,,,,,0,0,-,,,,,,,,,,
20241,210000492,ليث الغريب للمواد التموينية,أمجد زكي,90,0,252.723,-0.009,-0.009,0,,,,,,,-0.009,0,0,-,,,,,,,,,,
10724,210000333,مطعم السنبل / دوار الجمرك,جهاد فقوسة,90,0,20535.146,4791.905,0,4791.905,4791.905,,,,,,,0,0,-,,,,,,,,,,
20198,210000515,الفيصل مول 2-معان شارع الجامعة,محمد البستنجي,90,0,382.57,367.568,0,367.568,,,,,,367.568,,0,0,-,,,,,,,,,,
20274,230000017,Alimenta srl,Export,90,0,173700.4,86822.786,31857.986,54964.8,,,54964.8,,,,31857.986,0,0,-,,,,,,,,,,
20199,210000307,مؤسسة انقرة - سال اربد,لؤي السيد,90,0,223.204,4.72,0,4.72,,,,,4.72,,,0,0,-,,,,,,,,,,
10727,210000336,مطعم حسام التوتنجي / سحاب,الادارة,90,0,10542.87,2565.006,0,2565.006,1200,-800,,1245,920.006,,,2,4000,"2026/07/30, 2026/08/30",,,,,,,,,,
20275,230000018,ALLAZEEZA TRADING LLC,Export,90,15076.177,0,15076.177,15076.177,0,,,,,,,15076.177,0,0,-,,,,,,,,,,
20247,210000506,ربوة خلدا- خلدا,أمجد زكي,90,0,107.37,-0.011,-0.011,0,,,,,,,-0.011,0,0,-,,,,,,,,,,
20250,210000534,أبو محمد الشرفا,جهاد فقوسة,90,0,164.57,0.799,0.799,0,,,,,,,0.799,0,0,-,,,,,,,,,,
20212,210000578,اسواق الدوار,جهاد فقوسة,90,0,808.816,-0.114,0,-0.114,,,,,-0.114,,,0,0,-,,,,,,,,,,
20254,210000553,سوبر ماركت ستوب وشوب - الكرك,محمد البستنجي,90,0,201.845,4.307,0,4.307,,,4.307,,,,,0,0,-,,,,,,,,,,
20217,210000604,مؤسسة ارض الريان لتوريد المواد الغذائية,جهاد فقوسة,90,0,732.64,215.04,0,215.04,,215.04,,,,,,0,0,-,,,,,,,,,,
20256,210000559,سوبر ماركت دانة الجنوب - طيبة وادي موسى,محمد البستنجي,90,0,42.262,0.025,0,0.025,,,,,,0.025,,0,0,-,,,,,,,,,,
20229,220000033,ماجد حسني يوسف عرار,أمجد العمري,90,0,301.473,95.172,0,95.172,,95.172,,,,,,0,0,-,,,,,,,,,,
10625,230000023,GREEN LAND FOOD,Export,90,21253.342,0,21253.342,21253.342,0,,,,,,,21253.342,0,0,-,,,,,,,,,,
20248,210000512,شركة حسن و أحمد الزيود و شركائهم,أمجد العمري,90,0,4.02,4.221,0,4.221,4.221,,,,,,,0,0,-,,,,,,,,,,
20239,210000466,بقالة عبد القادر عبد الجواد,سامر الدويك,90,0,1071.429,245,110,135,-30,,,,,165,110,0,0,-,,,,,,,,,,
10337,210000405,بقالة ناصر الدرايسة - سهل حوران - الطرة,لؤي السيد,90,0.195,0,0.195,0.195,0,,,,,,,0.195,0,0,-,,,,,,,,,,
20263,210000639,شركة ميلاس للصناعات الغذائية,الادارة,45,0,7619.048,8000,4000,4000,,4000,,4000,,,,0,0,-,,,,,,,,,,
20255,230000008,شركة قطر الوطنية للأستيراد والتصدير,Export,90,35138.04,70722.91,830.044,-34520.856,35350.9,,35308.206,,-35372.01,,35414.704,-34520.856,0,0,-,,,,,,,,,,
20221,230000028,YARAFOOD B.V,Export,90,1413.746,0,1413.746,1413.746,0,,,,,,,1413.746,0,0,-,,,,,,,,,,
10720,210000341,شركة كاليس للتجارة,أمجد العمري,90,0,692.931,445.968,0,445.968,266.536,,,,179.432,,,0,0,-,,,,,,,,,,
10268,210000320,مدينة الدفاع المدني التدريبية,جهاد فقوسة,90,0,2515,1.6,0,1.6,,1.6,,,,,,0,0,-,,,,,,,,,,
20114,210000576,لؤي السيد مبيعات نقدية,لؤي السيد,90,0,7865.514,1699.639,0.039,1699.6,1699.6,,,,,,0.039,0,0,-,,,,,,,,,,
20223,210000621,مطعم محمد العفيف,لؤي السيد,90,0,2606.558,2739.647,0,2739.647,,,,,,2739.647,,0,0,-,,,,,,,,,,
20224,210000624,شركة برافو لصناعة المكسرات و الشوكولاته,الادارة,90,0,2235.862,2378,0,2378,,,,,,2378,,0,0,-,,,,,,,,,,
20225,210000625,شركة اضواء باري لتجارة المواد التموينية,أمجد زكي,90,0,87.369,0.004,0,0.004,,,,,,0.004,,0,0,-,,,,,,,,,,
10726,210000334,مطعم أبو جبارة / جرش,الادارة,90,38,2742.858,0,998,-998,,,,-998,,,998,0,0,-,,,,,,,,,,
20238,210000465,شركة كوخ المدينة الرياضية للمواد الغذائية,أمجد زكي,90,0,147.939,1.053,0,1.053,1.175,,,-0.122,,,,0,0,-,,,,,,,,,,
10135,210000087,شركة ربوع الظليل لتجارة المواد الغذائية,سامر الدويك,90,0,18495.288,506.599,0,506.599,78.299,428.3,,,,,,0,0,-,,,,,,,,,,
10003,210000255,أسواق زرقاء اليمامة للمواد الغذائية,أمجد زكي,90,0,371.224,8.25,0,8.25,8.25,,,,,,,0,0,-,,,,,,,,,,
