Reference Number,رقم العميل,اسم العميل,اسم المندوب,فترة السداد,حركات جارية,الرصيد الحالي,رقم الشيك,قيمة الشيك,تاريخ سند القبض,تاريخ الاستحقاق,مصدر الشيك,
10005,110000391,أسواق ميس الدار,أمجد زكي,90,3958.235,0,2265,1282.116,6/25/2026,8/7/2026,نظامي (مستقبلي),
10011,110000383,شركة البيت الطيب للتجارة,أمجد زكي,90,13433.479,5140.515,18919,452,6/25/2026,8/7/2026,نظامي (مستقبلي),
10011,210000222,شركة البيت الطيب للتجارة,أمجد زكي,90,,,18920,1000,6/25/2026,8/14/2026,نظامي (مستقبلي),
10025,110000411,جوهرة البلقاء لبيع السكاكر,أمجد زكي,90,18326.356,4556.754,19550,457.998,5/31/2026,7/20/2026,نظامي (مستقبلي),
10025,210000266,جوهرة البلقاء لبيع السكاكر,أمجد زكي,90,,,19551,723.878,5/31/2026,7/23/2026,نظامي (مستقبلي),
10032,210000259,سهول القدس للمواد التموينية,جهاد فقوسة,90,2076.183,576.153,10010,480,7/4/2026,8/13/2026,نظامي (مستقبلي),
10040,110000486,شركة الاتجاة التوفيري لتسويق المواد التموينية/أم عطية,أمجد زكي,90,1865.652,417.275,12164,539.248,7/5/2026,7/28/2026,نظامي (مستقبلي),
10041,110000509,شركة الاتجاة التوفيري لتسويق المواد التموينية/الاكراد,أمجد زكي,90,1604.36,476.671,10287,398.838,7/5/2026,8/4/2026,نظامي (مستقبلي),
10042,110000508,شركة الاتجاة التوفيري لتسويق المواد التموينية/الجامعة,أمجد زكي,90,1936.601,504.997,11088,215.3,6/7/2026,7/20/2026,نظامي (مستقبلي),
10042,110000508,شركة الاتجاة التوفيري لتسويق المواد التموينية/الجامعة,أمجد زكي,90,,,11221,624.781,7/5/2026,7/22/2026,نظامي (مستقبلي),
10043,110000503,شركة الاتجاة التوفيري لتسويق المواد التموينية/الخرابشة,أمجد زكي,90,1483.78,320.076,10690,208.791,6/7/2026,7/15/2026,نظامي (مستقبلي),
10043,110000503,شركة الاتجاة التوفيري لتسويق المواد التموينية/الخرابشة,أمجد زكي,90,,,10817,337.13,7/5/2026,8/10/2026,نظامي (مستقبلي),
10044,110000502,شركة الاتجاه التوفيري لتجارة المواد التموينية /ابو القيقب,أمجد زكي,90,1057.004,232.449,944,158.28,7/5/2026,7/30/2026,نظامي (مستقبلي),
10044,110000502,شركة الاتجاه التوفيري لتجارة المواد التموينية /ابو القيقب,أمجد زكي,90,,,843,215.304,6/7/2026,7/30/2026,نظامي (مستقبلي),
10046,110000504,شركة الجود والندى للتجارة والاستيراد والتصدير,جهاد فقوسة,90,2398.699,1683.883,1,1038.647,4/8/2026,4/8/2026,قيد يدوي (غير محصل),
10047,110000510,شركة الربح البسيط للمواد الغذائية - أم أذنية,أمجد زكي,90,9604.322,0,6066,103.567,7/4/2026,9/12/2026,نظامي (مستقبلي),
10050,110000518,شركة القارب لتجارة المواد الغذائية,أمجد زكي,90,10999.795,1618.717,2289,2111.86,6/15/2026,7/31/2026,نظامي (مستقبلي),
10051,110000517,شركة الكسواني وجبر,جهاد فقوسة,90,-59.754,732.274,9,332.274,4/30/2026,4/30/2026,قيد يدوي (غير محصل),
10051,110000517,شركة الكسواني وجبر,جهاد فقوسة,90,,,9,400,6/3/2026,6/3/2026,قيد يدوي (غير محصل),
10054,110000514,شركة بازار السلط الشعبي للمواد التموينية,أمجد زكي,90,2225.755,396.733,2743,214.727,6/7/2026,7/25/2026,نظامي (مستقبلي),
10054,110000514,شركة بازار السلط الشعبي للمواد التموينية,أمجد زكي,90,,,2859,405.48,7/5/2026,8/18/2026,نظامي (مستقبلي),
10059,210000233,شركة جوهرة سنبلة حطين التجارية,أمجد زكي,90,47847.404,744.001,11650,851.762,6/25/2026,8/11/2026,نظامي (مستقبلي),
10061,210000239,شركة خليل الرمامنة وشركاه -اسواق البلدة,أمجد زكي,90,1896.031,0,20995,757.731,7/8/2026,9/4/2026,نظامي (مستقبلي),
10063,110000487,شركة زقاق ميلانو لتجارة المواد الغذاية,جهاد فقوسة,90,4390.573,1002.705,950,1000,5/16/2026,7/16/2026,نظامي (مستقبلي),
10066,210000226,شركة سوبر ماركت ربوع القدس,جهاد فقوسة,90,2949.396,355.429,31812,733.906,7/4/2026,7/28/2026,نظامي (مستقبلي),
10069,210000228,شركة ياسر الحسامي و اخوانه,أمجد زكي,90,40609.747,4095.944,91307,3551.1,6/9/2026,7/16/2026,نظامي (مستقبلي),
10069,110000321,شركة ياسر الحسامي و اخوانه البيادر,أمجد زكي,90,,,92320,3711.2,6/30/2026,8/9/2026,نظامي (مستقبلي),
10069,210000228,شركة ياسر الحسامي و اخوانه,أمجد زكي,90,,,92321,746.02,6/30/2026,8/21/2026,نظامي (مستقبلي),
10072,210000037,مؤسسة حسن ابو حطب للمواد التموينية,أمجد زكي,90,3105.697,0.281,108,275,7/5/2026,10/2/2026,نظامي (مستقبلي),
10072,210000037,مؤسسة حسن ابو حطب للمواد التموينية,أمجد زكي,90,,,109,279,7/5/2026,10/9/2026,نظامي (مستقبلي),
10086,210000134,أحمد عودة عوض المعيط - صبحا مول,سامر الدويك,90,5311.285,1230.776,5993,600,5/20/2026,7/15/2026,نظامي (مستقبلي),
10086,110000338,أحمد عودة عوض المعيط - صبحا مول,سامر الدويك,90,,,6088,1000,6/17/2026,7/30/2026,نظامي (مستقبلي),
10087,210000122,أسواق أبو حبل للتموين - الظليل,سامر الدويك,90,18508.522,5010.711,466,2095.5,6/24/2026,9/21/2026,نظامي (مستقبلي),
10087,210000122,أسواق أبو حبل للتموين - الظليل,سامر الدويك,90,,,467,2095.5,6/24/2026,10/1/2026,نظامي (مستقبلي),
10095,110000333,اسواق الجامع للمواد الغذائية,سامر الدويك,90,60032.215,5969.292,15675,5000,5/17/2026,7/24/2026,نظامي (مستقبلي),
10095,110000333,اسواق الجامع للمواد الغذائية,سامر الدويك,90,,,15778,3000,5/31/2026,8/7/2026,نظامي (مستقبلي),
10100,110000288,المملكة الحرة للاستثمارات التجارية,سامر الدويك,90,847.079,1799.752,1,1745,4/30/2026,4/30/2026,قيد يدوي (غير محصل),
10103,110000291,بقالة جمال ناصر,سامر الدويك,90,2113.728,3474.249,3,2600,5/31/2026,5/31/2026,قيد يدوي (غير محصل),
10122,210000074,بوابة السرور لتجارة المواد الغذائية,سامر الدويك,90,9763.483,479.765,158,1374.57,5/17/2026,8/7/2026,نظامي (مستقبلي),
10122,210000074,بوابة السرور لتجارة المواد الغذائية,سامر الدويك,90,,,242,1167.7,7/5/2026,9/30/2026,نظامي (مستقبلي),
10125,110000295,جمعية المتقاعدين العسكريين -الزرقاء,سامر الدويك,90,6451.017,336.558,17129,769.226,6/18/2026,7/27/2026,نظامي (مستقبلي),
10125,110000295,جمعية المتقاعدين العسكريين -الزرقاء,سامر الدويك,90,,,17163,141.564,7/2/2026,8/8/2026,نظامي (مستقبلي),
10125,210000098,جمعية المتقاعدين العسكريين -الزرقاء,سامر الدويك,90,,,17162,1086.099,7/2/2026,8/13/2026,نظامي (مستقبلي),
10133,210000089,شركة تروبيا للمواد الغذائية والتموينية,سامر الدويك,90,5751.524,804.536,2327,1678.826,5/21/2026,7/31/2026,نظامي (مستقبلي),
10136,110000364,شركة سلة الطيبات للمواد الغذائية,سامر الدويك,90,9173.065,1709.416,8237,1000,6/30/2026,7/31/2026,نظامي (مستقبلي),
10136,110000364,شركة سلة الطيبات للمواد الغذائية,سامر الدويك,90,,,8238,1000,6/30/2026,8/31/2026,نظامي (مستقبلي),
10136,110000364,شركة سلة الطيبات للمواد الغذائية,سامر الدويك,90,,,8239,1000,6/30/2026,9/30/2026,نظامي (مستقبلي),
10136,110000364,شركة سلة الطيبات للمواد الغذائية,سامر الدويك,90,,,8240,1000,6/30/2026,10/31/2026,نظامي (مستقبلي),
10144,110000374,شركة قوام الحسناء للتمور,سامر الدويك,90,1466.288,-231.676,1048,500,4/20/2026,7/31/2026,نظامي (مستقبلي),
10147,210000379,شركة يوسف مريش و اولاده,سامر الدويك,90,4122.026,36.809,11079,536.687,6/23/2026,8/11/2026,نظامي (مستقبلي),
10150,210000364,مؤسسة أحمد العمايرة التجارية - الظليل,سامر الدويك,90,2522.961,-0.397,3683,2063.35,4/22/2026,7/24/2026,نظامي (مستقبلي),
10158,210000361,مؤسسة مراد الخوالدة التجارية,سامر الدويك,90,2856.328,-51.005,1730,1400,6/11/2026,7/25/2026,نظامي (مستقبلي),
10168,210000392,مخابز القدس - الزرقاء الجديدة,سامر الدويك,90,6455.755,2387.346,9152,1932,6/16/2026,8/19/2026,نظامي (مستقبلي),
10169,110000501,مصنع واحة الياسمين للعصائر والموهيتو,سامر الدويك,90,0,8509.811,36,2000,1/29/2026,1/29/2026,قيد يدوي (غير محصل),
10169,110000501,مصنع واحة الياسمين للعصائر والموهيتو,سامر الدويك,90,,,1,1000,3/2/2026,3/2/2026,قيد يدوي (غير محصل),
10169,110000501,مصنع واحة الياسمين للعصائر والموهيتو,سامر الدويك,90,,,147,1000,5/4/2026,5/4/2026,قيد يدوي (غير محصل),
10169,110000501,مصنع واحة الياسمين للعصائر والموهيتو,سامر الدويك,90,,,150,1000,5/4/2026,5/4/2026,قيد يدوي (غير محصل),
10169,110000501,مصنع واحة الياسمين للعصائر والموهيتو,سامر الدويك,90,,,20,719,7/6/2026,7/24/2026,نظامي (مستقبلي),
10180,110000537,توزيعات الجنوب,محمد البستنجي,90,4871.094,0.304,618,831,6/22/2026,8/25/2026,نظامي (مستقبلي),
10185,110000552,سوبر ماركت جلكسي ون,جهاد فقوسة,90,5140.005,1836.886,2402,434,5/7/2026,7/21/2026,نظامي (مستقبلي),
10185,210000557,سوبر ماركت جلكسي ون,جهاد فقوسة,90,,,2401,493,5/7/2026,7/21/2026,نظامي (مستقبلي),
10193,210000522,شركة فلورا للصناعات الغذائية,الادارة,90,24916.726,-1002.777,6501,5600,7/13/2026,7/25/2026,نظامي (مستقبلي),
10196,110000520,شركه الميان للمواد التموينية,حسام البستنجي,90,109411.675,-58121.25,9235,10000,3/26/2026,7/31/2026,نظامي (مستقبلي),
10196,110000520,شركه الميان للمواد التموينية,حسام البستنجي,90,,,9236,10000,3/26/2026,8/31/2026,نظامي (مستقبلي),
10196,110000520,شركه الميان للمواد التموينية,حسام البستنجي,90,,,8986,15000,4/5/2026,8/31/2026,نظامي (مستقبلي),
10196,110000520,شركه الميان للمواد التموينية,حسام البستنجي,90,,,8987,20000,4/5/2026,9/30/2026,نظامي (مستقبلي),
10196,110000520,شركه الميان للمواد التموينية,حسام البستنجي,90,,,8853,15000,5/17/2026,10/31/2026,نظامي (مستقبلي),
10196,110000520,شركه الميان للمواد التموينية,حسام البستنجي,90,,,9422,16000,6/23/2026,11/30/2026,نظامي (مستقبلي),
10196,110000520,شركه الميان للمواد التموينية,حسام البستنجي,90,,,9423,17000,6/23/2026,12/31/2026,نظامي (مستقبلي),
10198,110000522,مؤسسة فادي العرجان التجارية,الادارة,90,5573.493,3111.178,485,1300,5/10/2026,8/15/2026,نظامي (مستقبلي),
10198,110000522,مؤسسة فادي العرجان التجارية,الادارة,90,,,486,1300,5/10/2026,9/15/2026,نظامي (مستقبلي),
10221,210000295,أسواق خيرات السلطان - أبو علندا,أمجد العمري,90,1290.735,325.854,1404,596.565,7/8/2026,7/30/2026,نظامي (مستقبلي),
10224,110000444,أسواق ومصانع خان يونس التجارية,أمجد زكي,90,9441.459,5514.202,19466,1470.437,5/20/2026,7/15/2026,نظامي (مستقبلي),
10225,210000308,ابن سعيد مول - زيزيا,جهاد فقوسة,90,7724.408,1265.592,7449,2000,6/8/2026,7/20/2026,نظامي (مستقبلي),
10225,210000308,ابن سعيد مول - زيزيا,جهاد فقوسة,90,,,7776,2671.832,7/6/2026,8/31/2026,نظامي (مستقبلي),
10227,210000309,اسواق ابو هاني -زيزيا,جهاد فقوسة,90,11914.293,4884.461,7534,3142.492,6/8/2026,8/20/2026,نظامي (مستقبلي),
10231,110000419,بقالة الاخ الرائع - المقابلين,أمجد زكي,90,18378.792,6782.229,211,190,7/1/2026,7/26/2026,نظامي (مستقبلي),
10239,110000425,شركة الشراء السهل للتجارة -الشعب مول,أمجد زكي,90,4289.261,2273.049,165,518.565,7/8/2026,7/24/2026,نظامي (مستقبلي),
10251,210000357,شركة محمد وسامي العبسي - الجمرك,جهاد فقوسة,90,741.557,0,14210,780.504,7/7/2026,8/7/2026,نظامي (مستقبلي),
10263,210000331,مؤسسة محمد السلال,الادارة,90,42014.886,1332.806,9730,1750,3/4/2026,7/17/2026,نظامي (مستقبلي),
10263,110000457,مؤسسة محمد السلال,الادارة,90,,,97547,2500,3/30/2026,7/27/2026,نظامي (مستقبلي),
10263,110000457,مؤسسة محمد السلال,الادارة,90,,,9758,2500,3/30/2026,8/7/2026,نظامي (مستقبلي),
10263,210000331,مؤسسة محمد السلال,الادارة,90,,,9803,2500,4/1/2026,8/17/2026,نظامي (مستقبلي),
10263,210000331,مؤسسة محمد السلال,الادارة,90,,,9804,2500,4/1/2026,8/27/2026,نظامي (مستقبلي),
10263,210000331,مؤسسة محمد السلال,الادارة,90,,,9856,2500,4/26/2026,9/7/2026,نظامي (مستقبلي),
10263,210000331,مؤسسة محمد السلال,الادارة,90,,,9857,2500,4/26/2026,9/17/2026,نظامي (مستقبلي),
10263,210000331,مؤسسة محمد السلال,الادارة,90,,,9858,2500,4/26/2026,9/27/2026,نظامي (مستقبلي),
10263,210000331,مؤسسة محمد السلال,الادارة,90,,,9859,2500,4/26/2026,10/7/2026,نظامي (مستقبلي),
10263,210000331,مؤسسة محمد السلال,الادارة,90,,,9860,2500,4/26/2026,10/17/2026,نظامي (مستقبلي),
10263,110000457,مؤسسة محمد السلال,الادارة,90,,,9542,3000,6/9/2026,10/27/2026,نظامي (مستقبلي),
10263,110000457,مؤسسة محمد السلال,الادارة,90,,,9453,3000,6/9/2026,11/7/2026,نظامي (مستقبلي),
10263,110000457,مؤسسة محمد السلال,الادارة,90,,,9544,3000,6/9/2026,11/17/2026,نظامي (مستقبلي),
10263,110000457,مؤسسة محمد السلال,الادارة,90,,,9784,2600,7/9/2026,11/27/2026,نظامي (مستقبلي),
10263,110000457,مؤسسة محمد السلال,الادارة,90,,,9785,2600,7/9/2026,12/7/2026,نظامي (مستقبلي),
10263,110000457,مؤسسة محمد السلال,الادارة,90,,,9786,2600,7/9/2026,12/17/2026,نظامي (مستقبلي),
10263,110000457,مؤسسة محمد السلال,الادارة,90,,,9787,2600,7/9/2026,12/27/2026,نظامي (مستقبلي),
10294,210000017,سوبر ماركت الباشا - الكرك,محمد البستنجي,90,248.139,0.546,37,260,6/1/2026,7/23/2026,نظامي (مستقبلي),
10301,210000008,سوبر ماركت خشم العقاب / الربة,محمد البستنجي,90,4526.36,0.148,98,610,6/24/2026,7/20/2026,نظامي (مستقبلي),
10301,110000073,سوبر ماركت خشم العقاب / الربة,محمد البستنجي,90,,,99,600,6/24/2026,7/22/2026,نظامي (مستقبلي),
10301,110000073,سوبر ماركت خشم العقاب / الربة,محمد البستنجي,90,,,100,600,6/24/2026,7/26/2026,نظامي (مستقبلي),
10301,210000008,سوبر ماركت خشم العقاب / الربة,محمد البستنجي,90,,,104,550,6/24/2026,9/14/2026,نظامي (مستقبلي),
10301,210000008,سوبر ماركت خشم العقاب / الربة,محمد البستنجي,90,,,103,550,6/24/2026,9/21/2026,نظامي (مستقبلي),
10301,210000008,سوبر ماركت خشم العقاب / الربة,محمد البستنجي,90,,,102,660,6/24/2026,9/28/2026,نظامي (مستقبلي),
10301,110000073,سوبر ماركت خشم العقاب / الربة,محمد البستنجي,90,,,101,793,6/24/2026,10/6/2026,نظامي (مستقبلي),
10323,110000135,محلات سما القاهرة - المزرعة,محمد البستنجي,90,3768.261,0.011,1678,1096,5/20/2026,7/25/2026,نظامي (مستقبلي),
10330,110000110,أسماعيل عالعالي للمواد الغذائية,لؤي السيد,90,6046.209,7.064,2573,2393.34,7/9/2026,8/20/2026,نظامي (مستقبلي),
10347,210000368,اسواق طه الاستهلاكية,لؤي السيد,90,7816.54,1731.575,41,2121.564,6/10/2026,7/24/2026,نظامي (مستقبلي),
10348,110000022,اسواق عمر الزعبي / الرمثا,لؤي السيد,90,32933.541,-21546.253,19316,3000,2/25/2026,7/20/2026,نظامي (مستقبلي),
10348,110000022,اسواق عمر الزعبي / الرمثا,لؤي السيد,90,,,19317,3000,2/25/2026,7/25/2026,نظامي (مستقبلي),
10348,110000022,اسواق عمر الزعبي / الرمثا,لؤي السيد,90,,,19318,3000,2/25/2026,8/5/2026,نظامي (مستقبلي),
10348,110000022,اسواق عمر الزعبي / الرمثا,لؤي السيد,90,,,19319,3000,2/25/2026,8/10/2026,نظامي (مستقبلي),
10348,110000022,اسواق عمر الزعبي / الرمثا,لؤي السيد,90,,,19387,3300,3/11/2026,8/15/2026,نظامي (مستقبلي),
10348,110000022,اسواق عمر الزعبي / الرمثا,لؤي السيد,90,,,19388,3400,3/11/2026,8/25/2026,نظامي (مستقبلي),
10348,110000022,اسواق عمر الزعبي / الرمثا,لؤي السيد,90,,,19389,3300,3/11/2026,8/30/2026,نظامي (مستقبلي),
10348,110000022,اسواق عمر الزعبي / الرمثا,لؤي السيد,90,,,20256,3334,6/30/2026,11/20/2026,نظامي (مستقبلي),
10348,110000022,اسواق عمر الزعبي / الرمثا,لؤي السيد,90,,,20260,3750,6/30/2026,11/20/2026,نظامي (مستقبلي),
10348,110000022,اسواق عمر الزعبي / الرمثا,لؤي السيد,90,,,20257,3333,6/30/2026,11/25/2026,نظامي (مستقبلي),
10348,110000022,اسواق عمر الزعبي / الرمثا,لؤي السيد,90,,,20258,3333,6/30/2026,11/30/2026,نظامي (مستقبلي),
10348,110000022,اسواق عمر الزعبي / الرمثا,لؤي السيد,90,,,20259,3750,6/30/2026,12/15/2026,نظامي (مستقبلي),
10348,110000022,اسواق عمر الزعبي / الرمثا,لؤي السيد,90,,,20261,3750,6/30/2026,12/25/2026,نظامي (مستقبلي),
10348,110000022,اسواق عمر الزعبي / الرمثا,لؤي السيد,90,,,20262,3750,6/30/2026,12/30/2026,نظامي (مستقبلي),
10361,110000027,سوبر ماركت  صلاح هاشم محاشي,لؤي السيد,90,31037.352,944.19,476,1686,6/1/2026,8/5/2026,نظامي (مستقبلي),
10366,110000008,شركة البرتقالة الماسية لتجارة الخضار و الفواكه,لؤي السيد,90,16791.707,3121.148,3558,2000,5/31/2026,7/27/2026,نظامي (مستقبلي),
10368,110000002,شركة اليرموك للمواد الغذائية,لؤي السيد,90,24033.19,5834.839,2288,4000,7/5/2026,7/19/2026,نظامي (مستقبلي),
10372,210000412,شركة محمد جمعه حامد ابراهيم وشريكته,لؤي السيد,90,3369.601,0.968,213,3586,6/24/2026,8/6/2026,نظامي (مستقبلي),
10376,210000303,شركة هاشم محاشي  و اولادة  - اربد,لؤي السيد,90,8224.14,960.505,7479,1576,5/31/2026,8/15/2026,نظامي (مستقبلي),
10376,110000016,شركة هاشم محاشي  و اولادة  - اربد,لؤي السيد,90,,,7557,2722,7/5/2026,9/30/2026,نظامي (مستقبلي),
10406,140000046,شركة يوسف نادر و أولاده,الادارة,90,32578.448,2913.313,6770,4052,6/11/2026,6/11/2026,قيد يدوي (غير محصل),
10510,120000040,مؤسسة يعمون لتجارة المواد التموينية,لؤي السيد,90,18213.605,134149.928,5,3000,4/30/2026,4/30/2026,قيد يدوي (غير محصل),
10510,120000040,مؤسسة يعمون لتجارة المواد التموينية,لؤي السيد,90,,,5,5000,4/30/2026,4/30/2026,قيد يدوي (غير محصل),
10510,120000040,مؤسسة يعمون لتجارة المواد التموينية,لؤي السيد,90,,,5,5000,4/30/2026,4/30/2026,قيد يدوي (غير محصل),
10510,120000040,مؤسسة يعمون لتجارة المواد التموينية,لؤي السيد,90,,,5,3000,4/30/2026,4/30/2026,قيد يدوي (غير محصل),
10510,120000040,مؤسسة يعمون لتجارة المواد التموينية,لؤي السيد,90,,,5,5000,4/30/2026,4/30/2026,قيد يدوي (غير محصل),
10510,120000040,مؤسسة يعمون لتجارة المواد التموينية,لؤي السيد,90,,,6,5000,5/4/2026,5/4/2026,قيد يدوي (غير محصل),
10510,120000040,مؤسسة يعمون لتجارة المواد التموينية,لؤي السيد,90,,,5,3000,5/4/2026,5/4/2026,قيد يدوي (غير محصل),
10510,120000040,مؤسسة يعمون لتجارة المواد التموينية,لؤي السيد,90,,,6,10000,5/4/2026,5/4/2026,قيد يدوي (غير محصل),
10510,120000040,مؤسسة يعمون لتجارة المواد التموينية,لؤي السيد,90,,,5,3000,5/4/2026,5/4/2026,قيد يدوي (غير محصل),
10510,120000040,مؤسسة يعمون لتجارة المواد التموينية,لؤي السيد,90,,,6,5000,5/4/2026,5/4/2026,قيد يدوي (غير محصل),
10510,120000040,مؤسسة يعمون لتجارة المواد التموينية,لؤي السيد,90,,,5,3000,5/4/2026,5/4/2026,قيد يدوي (غير محصل),
10510,120000040,مؤسسة يعمون لتجارة المواد التموينية,لؤي السيد,90,,,6,5000,5/4/2026,5/4/2026,قيد يدوي (غير محصل),
10510,120000040,مؤسسة يعمون لتجارة المواد التموينية,لؤي السيد,90,,,5,3000,5/4/2026,5/4/2026,قيد يدوي (غير محصل),
10510,120000040,مؤسسة يعمون لتجارة المواد التموينية,لؤي السيد,90,,,5,3000,5/31/2026,5/31/2026,قيد يدوي (غير محصل),
10510,120000040,مؤسسة يعمون لتجارة المواد التموينية,لؤي السيد,90,,,5,5000,5/31/2026,5/31/2026,قيد يدوي (غير محصل),
10510,120000040,مؤسسة يعمون لتجارة المواد التموينية,لؤي السيد,90,,,6,5000,6/17/2026,6/17/2026,قيد يدوي (غير محصل),
10510,120000040,مؤسسة يعمون لتجارة المواد التموينية,لؤي السيد,90,,,6,4000,6/17/2026,6/17/2026,قيد يدوي (غير محصل),
10510,120000040,مؤسسة يعمون لتجارة المواد التموينية,لؤي السيد,90,,,6,5000,6/17/2026,6/17/2026,قيد يدوي (غير محصل),
10510,120000040,مؤسسة يعمون لتجارة المواد التموينية,لؤي السيد,90,,,6,4000,6/17/2026,6/17/2026,قيد يدوي (غير محصل),
10510,120000040,مؤسسة يعمون لتجارة المواد التموينية,لؤي السيد,90,,,5,3000,6/17/2026,6/17/2026,قيد يدوي (غير محصل),
10510,120000040,مؤسسة يعمون لتجارة المواد التموينية,لؤي السيد,90,,,6,7000,6/17/2026,6/17/2026,قيد يدوي (غير محصل),
10510,120000040,مؤسسة يعمون لتجارة المواد التموينية,لؤي السيد,90,,,6,7000,6/17/2026,6/17/2026,قيد يدوي (غير محصل),
10510,120000040,مؤسسة يعمون لتجارة المواد التموينية,لؤي السيد,90,,,6,12500,6/17/2026,6/17/2026,قيد يدوي (غير محصل),
10510,120000040,مؤسسة يعمون لتجارة المواد التموينية,لؤي السيد,90,,,6,7000,6/17/2026,6/17/2026,قيد يدوي (غير محصل),
10510,120000040,مؤسسة يعمون لتجارة المواد التموينية,لؤي السيد,90,,,5,3000,6/17/2026,6/17/2026,قيد يدوي (غير محصل),
10510,120000040,مؤسسة يعمون لتجارة المواد التموينية,لؤي السيد,90,,,6,5000,6/17/2026,6/17/2026,قيد يدوي (غير محصل),
10510,120000040,مؤسسة يعمون لتجارة المواد التموينية,لؤي السيد,90,,,5,3000,6/17/2026,6/17/2026,قيد يدوي (غير محصل),
10519,220000002,مؤسسة أحمد مسمح للمواد الغذائية - جرش,لؤي السيد,90,1078.476,0,3232,1132.4,7/7/2026,8/29/2026,نظامي (مستقبلي),
10599,110000235,شركة بهاء الدين البستنجي وشريكه -  الكرك,الادارة,90,0,270862.469,5749,35000,4/1/2026,4/1/2026,قيد يدوي (غير محصل),
10599,110000235,شركة بهاء الدين البستنجي وشريكه -  الكرك,الادارة,90,,,6770,4052,6/11/2026,6/11/2026,قيد يدوي (غير محصل),
10599,110000235,شركة بهاء الدين البستنجي وشريكه -  الكرك,الادارة,90,,,6687,40000,3/5/2026,1/20/2027,نظامي (مستقبلي),
10599,110000235,شركة بهاء الدين البستنجي وشريكه -  الكرك,الادارة,90,,,6689,40000,3/5/2026,2/20/2027,نظامي (مستقبلي),
10599,110000235,شركة بهاء الدين البستنجي وشريكه -  الكرك,الادارة,90,,,6690,40000,3/5/2026,3/20/2027,نظامي (مستقبلي),
10599,110000235,شركة بهاء الدين البستنجي وشريكه -  الكرك,الادارة,90,,,6691,40000,3/5/2026,4/20/2027,نظامي (مستقبلي),
10599,110000235,شركة بهاء الدين البستنجي وشريكه -  الكرك,الادارة,90,,,6692,40000,3/5/2026,5/20/2027,نظامي (مستقبلي),
10605,110000215,شركة سدرة لصناعة مواد التجميل,الادارة,90,55704.25,14887.75,2,3500,5/31/2026,5/31/2026,قيد يدوي (غير محصل),
10605,110000215,شركة سدرة لصناعة مواد التجميل,الادارة,90,,,2,3500,6/17/2026,6/17/2026,قيد يدوي (غير محصل),
10605,110000215,شركة سدرة لصناعة مواد التجميل,الادارة,90,,,2098,3500,5/14/2026,7/15/2026,نظامي (مستقبلي),
10612,110000222,شركة محمود وليد الجيطان و شركاه - المقابلين,حسام البستنجي,90,11412.278,457.502,19008,3850,5/24/2026,7/31/2026,نظامي (مستقبلي),
10617,110000217,شركة مصنع روعة للصناعات الغذائية,حسام البستنجي,90,7530,0,2355,900,5/12/2026,7/18/2026,نظامي (مستقبلي),
10617,110000217,شركة مصنع روعة للصناعات الغذائية,حسام البستنجي,90,,,2375,880,6/9/2026,9/6/2026,نظامي (مستقبلي),
10617,110000217,شركة مصنع روعة للصناعات الغذائية,حسام البستنجي,90,,,2394,850,6/30/2026,9/24/2026,نظامي (مستقبلي),
10617,210000659,ركة مصنع روعة للصناعات الغذائية,الادارة,90,,,2403,860,7/8/2026,10/14/2026,نظامي (مستقبلي),
10621,110000265,مؤسسة ابراج عمان,الادارة,90,21674.942,41922.902,256,842.5,4/20/2026,7/25/2026,نظامي (مستقبلي),
10621,110000265,مؤسسة ابراج عمان,الادارة,90,,,24417,422,6/28/2026,8/16/2026,نظامي (مستقبلي),
10622,110000264,مؤسسة سمير عايض كردي العنزي للتجارة,Export,90,706218.85,683009.859,15165,10328,4/13/2026,4/13/2026,قيد يدوي (غير محصل),
10622,110000264,مؤسسة سمير عايض كردي العنزي للتجارة,Export,90,,,15259,8637.33,4/15/2026,4/15/2026,قيد يدوي (غير محصل),
10622,110000264,مؤسسة سمير عايض كردي العنزي للتجارة,Export,90,,,48,30547,6/3/2026,6/3/2026,قيد يدوي (غير محصل),
10622,110000264,مؤسسة سمير عايض كردي العنزي للتجارة,Export,90,,,15402,30547,6/23/2026,9/28/2026,قيد يدوي (غير محصل),
10622,110000264,مؤسسة سمير عايض كردي العنزي للتجارة,Export,90,,,15457,32600,7/9/2026,10/22/2026,قيد يدوي (غير محصل),
10623,110000267,مؤسسة قعوار للتوريدات الغذلئية,الادارة,90,83173.744,-14500.706,379,6500,5/3/2026,7/15/2026,نظامي (مستقبلي),
10623,110000267,مؤسسة قعوار للتوريدات الغذلئية,الادارة,90,,,403,12000,5/6/2026,9/25/2026,نظامي (مستقبلي),
10623,110000267,مؤسسة قعوار للتوريدات الغذلئية,الادارة,90,,,404,12000,5/6/2026,10/27/2026,نظامي (مستقبلي),
10623,110000267,مؤسسة قعوار للتوريدات الغذلئية,الادارة,90,,,405,12000,5/6/2026,11/27/2026,نظامي (مستقبلي),
10623,110000267,مؤسسة قعوار للتوريدات الغذلئية,الادارة,90,,,406,12000,5/6/2026,12/27/2026,نظامي (مستقبلي),
10632,210000560,مطعم السنابل,أمجد زكي,90,6908.954,1175.988,321,1000,6/28/2026,7/15/2026,نظامي (مستقبلي),
10638,220000010,مؤسسة يعقوب خشرم للمواد التموينية,أمجد زكي,90,476.19,0,854,397,6/1/2026,7/15/2026,نظامي (مستقبلي),
10639,110000269,الحمدان - 0795281323,أمجد العمري,90,954.112,797.13,2,611,4/30/2026,4/30/2026,قيد يدوي (غير محصل),
10644,110000250,شركة العيد لتجارة المواد الغذائية و التجميل,الادارة,90,4869.356,112.054,533,2400,7/6/2026,7/6/2026,قيد يدوي (غير محصل),
10644,110000250,شركة العيد لتجارة المواد الغذائية و التجميل,الادارة,90,,,533,2400,7/6/2026,7/20/2026,نظامي (مستقبلي),
10645,110000249,شركة الشلتاوي و النجار و شركاهم,حسام البستنجي,90,13124.544,3045,13,1215,2/15/2026,12/31/2026,نظامي (مستقبلي),
10652,110000256,شركة فيلادلفيا للصناعة و التجارة,الادارة,90,3133.365,-0.32,2149,3290.354,7/8/2026,7/8/2026,قيد يدوي (غير محصل),
10652,110000256,شركة فيلادلفيا للصناعة و التجارة,الادارة,90,,,2149,3290.354,7/8/2026,7/23/2026,نظامي (مستقبلي),
10676,110000144,شركة دكان ربوة النصر للاستيراد و التصدير,حسام البستنجي,90,59676.807,20065.974,5095,50000,3/31/2026,7/15/2026,نظامي (مستقبلي),
10676,110000144,شركة دكان ربوة النصر للاستيراد و التصدير,حسام البستنجي,90,,,5314,15000,6/10/2026,8/30/2026,نظامي (مستقبلي),
10681,210000109,شركة زياد الخشان وشريكه,حسام البستنجي,90,12183.583,0,3852,9500,5/17/2026,8/26/2026,نظامي (مستقبلي),
10682,110000142,شركة عيون الريان التجارية,حسام البستنجي,90,74157.366,-20193.088,8685,10000,3/30/2026,7/16/2026,نظامي (مستقبلي),
10682,110000142,شركة عيون الريان التجارية,حسام البستنجي,90,,,8684,10000,3/30/2026,7/31/2026,نظامي (مستقبلي),
10682,110000142,شركة عيون الريان التجارية,حسام البستنجي,90,,,8531,7000,3/4/2026,7/31/2026,نظامي (مستقبلي),
10682,110000142,شركة عيون الريان التجارية,حسام البستنجي,90,,,8532,8000,3/4/2026,8/16/2026,نظامي (مستقبلي),
10682,110000142,شركة عيون الريان التجارية,حسام البستنجي,90,,,8686,10000,3/30/2026,8/31/2026,نظامي (مستقبلي),
10682,110000142,شركة عيون الريان التجارية,حسام البستنجي,90,,,8533,10000,3/4/2026,8/31/2026,نظامي (مستقبلي),
10692,210000026,عطارة الياسين - المزار,محمد البستنجي,90,1355.435,0.623,1787,181,7/5/2026,8/14/2026,نظامي (مستقبلي),
10698,110000192,شركة شمس الاردن للتسويق - فرع الجملة,سامر الدويك,90,12216.687,1698.308,1399,2529.208,5/6/2026,7/23/2026,نظامي (مستقبلي),
10703,110000205,اسواق عمر احمد الرشدان للمواد التموينية,لؤي السيد,90,6495.146,496.806,3143,4188.672,6/18/2026,8/31/2026,نظامي (مستقبلي),
10718,110000176,شركة التميز الخليجي للمواد الغذائية,جهاد فقوسة,90,3163.845,3658.538,1,3658.538,5/19/2026,5/19/2026,قيد يدوي (غير محصل),
10727,210000336,مطعم حسام التوتنجي / سحاب,الادارة,90,10542.87,2565.006,221,2000,4/29/2026,7/30/2026,نظامي (مستقبلي),
10727,110000185,مطعم حسام التوتنجي / سحاب,الادارة,90,,,233,2000,6/9/2026,8/30/2026,نظامي (مستقبلي),
20102,210000550,محلات ابناء عبده الخزاعله,لؤي السيد,90,2976.54,12.6,7555,215.04,5/14/2026,7/23/2026,نظامي (مستقبلي),
20124,210000499,عبد الرحمن شاهين لتجارة المواد الغذائية بالجملة,لؤي السيد,90,10501.324,1431.045,262,2606,5/16/2026,7/26/2026,نظامي (مستقبلي),
20127,110000630,بقالة حمزة بني صخر,لؤي السيد,90,8185.649,0.364,2910,1430,7/8/2026,9/21/2026,نظامي (مستقبلي),
20128,110000633,علي للتسوق / الرمثا,لؤي السيد,90,2403.786,0.138,233,629,7/9/2026,9/10/2026,نظامي (مستقبلي),
20128,110000633,علي للتسوق / الرمثا,لؤي السيد,90,,,234,629,7/9/2026,9/15/2026,نظامي (مستقبلي),
20130,210000469,أجنحة الصقر التجارية,محمد البستنجي,90,12059.341,0.886,173,4586,5/31/2026,7/15/2026,نظامي (مستقبلي),
20138,210000584,مؤسسة ليث النعسان لتجارة المواد التموينية,لؤي السيد,90,21049.279,8000.051,10546,3541,6/2/2026,7/31/2026,نظامي (مستقبلي),
20139,210000508,مؤسسة احمد ربيع لتجارة المواد التموينية,سامر الدويك,90,3977.214,293.333,1204,830.759,5/17/2026,8/3/2026,نظامي (مستقبلي),
20141,210000476,اسواق تلال ضبعه للتموين,جهاد فقوسة,90,11198.595,2583.924,419,1977,4/21/2026,7/20/2026,نظامي (مستقبلي),
20141,110000658,اسواق تلال ضبعه للتموين,جهاد فقوسة,90,,,431,2100,6/7/2026,8/15/2026,نظامي (مستقبلي),
20145,210000588,بقالة سيف الخشان,لؤي السيد,90,2876.59,217.96,2046,1512,5/4/2026,7/22/2026,نظامي (مستقبلي),
20167,110000697,مؤسسة كرمه و سليمان الغويري,سامر الدويك,90,400.32,0,9,419.269,6/27/2026,8/2/2026,نظامي (مستقبلي),
20170,110000700,مؤسسة معتز البواريد لتجارة المواد التموينية,جهاد فقوسة,90,3522.789,0.041,1569,1170,5/11/2026,7/24/2026,نظامي (مستقبلي),
20178,110000722,شركة حمدان لصناعة المواد الغذائية,الادارة,45,13803.095,-1,2617,8768,6/25/2026,8/20/2026,نظامي (مستقبلي),
20178,110000722,شركة حمدان لصناعة المواد الغذائية,الادارة,45,,,2618,2375,6/25/2026,9/15/2026,نظامي (مستقبلي),
20179,220000032,شركة الشرش لتجارة المواد الغذائية,سامر الدويك,90,3174.507,630.109,2650,750,6/20/2026,8/15/2026,نظامي (مستقبلي),
20220,110000685,أبو عمر الكركي - الكرك,محمد البستنجي,90,0,569.621,2,569.621,2/25/2026,2/25/2026,قيد يدوي (غير محصل),
20230,110000729,شركة مصطفى خرفان وشركاه,أمجد زكي,90,1150,0,2868,1150,6/21/2026,7/22/2026,نظامي (مستقبلي),
