G/L Acct/BP Code,Name,Local Currency - Jordanian Dinar - OB,Local Currency - Jordanian Dinar - Debit,Local Currency - Jordanian Dinar - Credit,Local Currency - Jordanian Dinar - Balance
Assets,,,,,
,,,,,
101,الموجودات الثابتة,,,,
,,,,,
10101,الموجودات الثابتة,,,,
,,,,,
1010101,الموجودات الثابتة,,,,
,,,,,
1010101001,الاراضي,876199.682,,,876199.682
1010101002,الالات والمعدات والماكينات,2393957.098,1425.09,,2395382.188
1010101003,تركيبات و ديكورات المصنع,62091.723,,,62091.723
1010101004,الأجهزة الكهربائية,57965.371,,,57965.371
1010101005,أجهزة الكمبيوتر والبرامج,36132.513,,,36132.513
1010101006,عدد و ادوات صناعية,87451.531,,,87451.531
1010101013,المباني,2222943,,,2222943
1010101007,مجمع أهتلاك الالات والمعدات والماكينات,-1465262.592,,,-1465262.592
1010101008,مجمع أهتلاك تركيبات و ديكورات المصنع,-51510.93,,,-51510.93
1010101009,مجمع أهتلاك الأجهزة الكهربائية,-24695.888,,,-24695.888
1010101010,مجمع أهتلاك أجهزة الكمبيوتر والبرامج,-12670.992,,,-12670.992
1010101011,مجمع أهتلاك عدد و ادوات صناعية,-85401.007,,,-85401.007
1010101012,مجمع أهتلاك لاراضي,-215346.648,,,-215346.648
,,__________________,__________________,__________________,__________________
Total 1010101,الموجودات الثابتة,3881852.861,1425.09,,3883277.951
,,,,,
1010102,مشاريع تحت التنفيذ,,,,
,,,,,
1010102001,مشاريع تحت التنفيذ,,8827.75,,8827.75
,,__________________,__________________,__________________,__________________
Total 1010102,مشاريع تحت التنفيذ,,8827.75,,8827.75
,,,,,
,,__________________,__________________,__________________,__________________
Total 10101,الموجودات الثابتة,3881852.861,10252.84,,3892105.701
,,,,,
,,__________________,__________________,__________________,__________________
Total 101,الموجودات الثابتة,3881852.861,10252.84,,3892105.701
,,,,,
102,الموجودات المتداولة,,,,
,,,,,
10201,النقد وما في حكمه,,,,
,,,,,
1020101,الصناديق,,,,
,,,,,
1020101001,الصندوق الرئيسي,,218602.366,218073.36,529.006
1020101002,صندوق الادارة,,81281.54,74087.836,7193.704
1020101004,صندوق أمجد زكي,,65273.373,63199.566,2073.807
1020101005,صندوق سامر دويك,,79866.144,76725.126,3141.018
1020101009,صندوق سفيان التعمري,,,,
,,__________________,__________________,__________________,__________________
Total 1020101009,صندوق سفيان التعمري,,,,
,,,,,
1020101010,صندوق لؤي السيد,,52701.248,45638.194,7063.054
1020101011,صندوق الشيكات,,622695.307,452266.154,170429.153
1020101012,صندوق سفيان التعمري,,26015.611,26256.571,-240.96
1020101014,صندوق محمد البستنجي,50,46561.178,42086.928,4524.25
1020101015,صندوق جهاد فقوسة,,39579.195,31376.733,8202.462
1020101016,صندوق قبوضات معن ابو عمرو,,111422.421,91477.007,19945.414
1020101017,صندوق زين كاش,,72889.812,119092.565,-46202.753
1020101020,صندوق نايف الحلبوني,,9326.238,9326.238,
1020101021,صندوق أمجد العمري,,7457.553,6337.897,1119.656
1020101022,صندوق يزن حمدان,,,535.433,-535.433
1020101023,صندوق عمار عنبة,76.069,,,76.069
1020101024,صندوق قصي ذيب,41.068,,,41.068
,,__________________,__________________,__________________,__________________
Total 1020101,الصناديق,167.137,1433671.986,1256479.608,177359.515
,,,,,
1020102,البنوك,,,,
,,,,,
1020102002,البنك الاهلي الاردني,0.295,25,,25.295
1020102004,بنك الاتحاد,3.98,20025,15000,5028.98
1020102005,بنك القاهرة عمان,550.835,1450,2000,0.835
1020102006,البنك الاسلامي الاردني - جبل عمان,,198789.189,208437.589,-9648.4
1020102009,بنك صفوة الاسلامي - رواتب,,70017.37,70017.37,
1020102010,بنك صفوة الاسلامي يورو,,126552.514,126552.511,0.003
,,__________________,__________________,__________________,__________________
Total 1020102,البنوك,555.11,416859.073,422007.47,-4593.287
,,,,,
,,__________________,__________________,__________________,__________________
Total 10201,النقد وما في حكمه,722.247,1850531.059,1678487.078,172766.228
,,,,,
10202,ذمم المدينة,,,,
,,,,,
1020201,الذمم المدينة,,,,
,,,,,
1020201001,ذمم مدينة محلية,423267.628,4058231.137,3719141.179,762357.586
1020201002,ذمم مدينة خارجية,253008.417,564174.659,586004.784,231178.292
,,__________________,__________________,__________________,__________________
Total 1020201,الذمم المدينة,676276.045,4622405.796,4305145.963,993535.878
,,,,,
,,__________________,__________________,__________________,__________________
Total 10202,ذمم المدينة,676276.045,4622405.796,4305145.963,993535.878
,,,,,
10203,ذمم مدينة أخرى,,,,
,,,,,
1020301,ذمم الموظفين,,,,
,,,,,
1020301001,ذمم الموظفين,-12598.122,144586.106,117931.948,14056.036
,,__________________,__________________,__________________,__________________
Total 1020301,ذمم الموظفين,-12598.122,144586.106,117931.948,14056.036
,,,,,
,,__________________,__________________,__________________,__________________
Total 10203,ذمم مدينة أخرى,-12598.122,144586.106,117931.948,14056.036
,,,,,
10204,شيكات برسم التحصيل,,,,
,,,,,
1020401,شيكات برسم التحصيل,,,,
,,,,,
1020401001,شيكات برسم التحصيل راجحي,,57317.596,57317.596,
1020401002,شيكات برسم التحصيل الاسلامي,,23367.799,23367.799,
1020401003,شيكات برسم التحصيل صفوة,,6574.21,6574.21,
,,__________________,__________________,__________________,__________________
Total 1020401,شيكات برسم التحصيل,,87259.605,87259.605,
,,,,,
,,__________________,__________________,__________________,__________________
Total 10204,شيكات برسم التحصيل,,87259.605,87259.605,
,,,,,
10205,المستودعات,,,,
,,,,,
1020501,المستودعات,,,,
,,,,,
1020501001,مستودع المواد الاولية,2496788.009,2152245205,2152611738,2130255.062
1020501002,مستودع التعبئة والتغليف,281957.939,1786470.344,1772154.614,296273.669
1020501003,مستودع البضاعة الجاهز - الموقر,65518.577,11236793.72,10974377.08,327935.225
1020501004,مستودع سحاب,111283.031,11197628.52,11257291.7,51619.851
1020501019,مستودع لوازم مستهلكة,11170,8,,11178
1020501005,مستودع التوالف,,12838.978,9221.709,3617.269
1020501008,مستودع أحمد أبو حشيش,,4323.971,4225.958,98.013
1020501010,مستودع تحت التشغيل,64261.997,24099195.83,24435453.93,-271996.101
1020501011,مستودع محمد البستنجي-الكرك,7687.447,52933.799,54849.011,5772.235
1020501012,مستودع قصي ذيب,,6759.951,6751.634,8.317
1020501013,مستودع عمار عنبة,,2507.624,2497.266,10.358
1020501014,مستودع أربد,,10152.121,7427.167,2724.954
1020501015,مستودع يوسف أحمد -كاش,,5435.918,4682.405,753.513
1020501016,مستودع حسن المشايخ -كاش,,1002.936,993.712,9.224
1020501017,مستودع يزن حمدان -كاش,,1170.669,841.432,329.237
1020501018,مستودع بضاعة في البوندد,217330.894,,,217330.894
1020501020,مستودع تعبئة وتغليف ليبل,65245,,,65245
1020501022,مستودع عبدالله البستنجي موقر,,227198.417,150518.138,76680.279
,,__________________,__________________,__________________,__________________
Total 1020501,المستودعات,3321242.894,2200889626,2201293024,2917844.999
,,,,,
,,__________________,__________________,__________________,__________________
Total 10205,المستودعات,3321242.894,2200889626,2201293024,2917844.999
,,,,,
10206,مصاريف مدفوعة مقدما,,,,
,,,,,
1020601,مصاريف مدفوعة مقدما,,,,
,,,,,
1020601002,مرابحة مدفوع  مقدما,19491.472,,,19491.472
,,__________________,__________________,__________________,__________________
Total 1020601,مصاريف مدفوعة مقدما,19491.472,,,19491.472
,,,,,
,,__________________,__________________,__________________,__________________
Total 10206,مصاريف مدفوعة مقدما,19491.472,,,19491.472
,,,,,
10207,أطراف ذات علاقة,,,,
,,,,,
1020701,أطراف ذات علاقة,,,,
,,,,,
1020701001,شركة بهاء الدين البستنجي وشركاه - تجاري,-2896501.79,2907051.5,1953843.614,-1943293.904
,,__________________,__________________,__________________,__________________
Total 1020701,أطراف ذات علاقة,-2896501.79,2907051.5,1953843.614,-1943293.904
,,,,,
,,__________________,__________________,__________________,__________________
Total 10207,أطراف ذات علاقة,-2896501.79,2907051.5,1953843.614,-1943293.904
,,,,,
10208,تأمينات كفالات,,,,
,,,,,
1020801,تأمينات كفالات,,,,
,,__________________,__________________,__________________,__________________
Total 1020801,تأمينات كفالات,,,,
,,,,,
,,__________________,__________________,__________________,__________________
Total 10208,تأمينات كفالات,,,,
,,,,,
10209,حسابات تصفية المخزون,,,,
,,,,,
1020901,حسابات تصفية المخزون,,,,
,,,,,
1020901001,بضاعة مستلمة غير مفوترة,,22066739.79,22282531.22,-215791.43
1020901003,مصاريف جمارك - اضافية,,74240.66,77461,-3220.34
,,__________________,__________________,__________________,__________________
Total 1020901,حسابات تصفية المخزون,,22140980.45,22359992.22,-219011.77
,,__________________,__________________,__________________,__________________
Total 10209,حسابات تصفية المخزون,,22140980.45,22359992.22,-219011.77
,,__________________,__________________,__________________,__________________
Total 102,الموجودات المتداولة,1108632.746,2232642441,2231795685,1955388.939
,,__________________,__________________,__________________,__________________
Total Assets,,4990485.607,2232652694,2231795685,5847494.64
,,,,,
Liabilities,,,,,
,,,,,
201,المطلوبات المتداولة,,,,
,,,,,
20101,الذمم الدائنة,,,,
,,,,,
2010101,الذمم الدائنة,,,,
,,,,,
2010101001,ذمم الموردين محلية,375252.946,1297849.72,1775807.359,-102704.693
2010101002,ذمم موردين خارجيين,189667.859,2450167299,2450570164,-213196.576
,,__________________,__________________,__________________,__________________
Total 2010101,الذمم الدائنة,564920.805,2451465149,2452345971,-315901.269
,,,,,
,,__________________,__________________,__________________,__________________
Total 20101,الذمم الدائنة,564920.805,2451465149,2452345971,-315901.269
,,,,,
20102,ذمم دائنة أخرى,,,,
,,,,,
2010201,امانات ضريبة المبيعات,,,,
,,,,,
2010201001,امانات ضريبة المبيعات,-48274.396,133082.978,150206.786,-65398.204
2010201009,امانات  الضمان الاجتماعي,-3398.246,52475.19,27501.417,21575.527
2010201010,امانات ضريبة الدخل,,10388.298,,10388.298
2010201012,امانات المساهمة الوطنية,-2452,2452,,
2010201013,مخصص امانات ضريبة الدخل,-12261,12399.032,,138.032
,,__________________,__________________,__________________,__________________
Total 2010201,امانات ضريبة المبيعات,-66385.642,210797.498,177708.203,-33296.347
,,,,,
,,__________________,__________________,__________________,__________________
Total 20102,ذمم دائنة أخرى,-66385.642,210797.498,177708.203,-33296.347
,,,,,
20103,شيكات صادرة اجلة,,,,
,,,,,
2010301,شيكات صادرة اجلة,,,,
,,,,,
201030004,شيكات مؤجلة الدفع,,310443.326,517359.788,-206916.462
,,__________________,__________________,__________________,__________________
Total 2010301,شيكات صادرة اجلة,,310443.326,517359.788,-206916.462
,,,,,
,,__________________,__________________,__________________,__________________
Total 20103,شيكات صادرة اجلة,,310443.326,517359.788,-206916.462
,,,,,
20104,مصاريف مستحقة الدفع,,,,
,,,,,
2010401,مصاريف مستحقة الدفع,,,,
,,,,,
2010401001,مصاريف كهرباء مستحقة الدفع,-7707.928,29095.7,21387.772,
2010401002,مصاريف مستحقة الدفع,-2000,,26,-2026
,,__________________,__________________,__________________,__________________
Total 2010401,مصاريف مستحقة الدفع,-9707.928,29095.7,21413.772,-2026
,,,,,
,,__________________,__________________,__________________,__________________
Total 20104,مصاريف مستحقة الدفع,-9707.928,29095.7,21413.772,-2026
,,,,,
20105,المرابحات البنكية,,,,
,,,,,
2010501,المرابحات البنكية,,,,
,,,,,
2010501001,المرابحات البنكية,-5027654.929,553222,,-4474432.929
,,__________________,__________________,__________________,__________________
Total 2010501,المرابحات البنكية,-5027654.929,553222,,-4474432.929
,,__________________,__________________,__________________,__________________
Total 20105,المرابحات البنكية,-5027654.929,553222,,-4474432.929
,,__________________,__________________,__________________,__________________
Total 201,المطلوبات المتداولة,-4538827.694,2452568708,2453062453,-5032573.007
,,__________________,__________________,__________________,__________________
Total Liabilities,,-4538827.694,2452568708,2453062453,-5032573.007
,,,,,
Capital and Reserves,,,,,
,,,,,
301,رأس المال وحقوق الشركاء,,,,
,,,,,
30101,راس المال,,,,
,,,,,
3010101,راس المال,,,,
,,__________________,__________________,__________________,__________________
Total 3010101,راس المال,,,,
,,,,,
,,__________________,__________________,__________________,__________________
Total 30101,راس المال,,,,
,,,,,
30102,ارباح مدوره,,,,
,,,,,
3010102,ارباح ( خسائر ) مدوره,,,,
,,,,,
3010102001,ارباح ( خسائر) مدورة,-400537,,,-400537
3010102004,Opening Balances,,22.816,22.816,
,,__________________,__________________,__________________,__________________
Total 3010102,ارباح ( خسائر ) مدوره,-400537,22.816,22.816,-400537
,,,,,
,,__________________,__________________,__________________,__________________
Total 30102,ارباح مدوره,-400537,22.816,22.816,-400537
,,,,,
30103,حقوق الشركاء,,,,
,,,,,
3010301,ذمم الشركاء,,,,
,,,,,
3010301001,ذمة الشريك بهاء الدين البستنجي,-51120.913,2061.259,10496,-59555.654
,,__________________,__________________,__________________,__________________
Total 3010301,ذمم الشركاء,-51120.913,2061.259,10496,-59555.654
,,__________________,__________________,__________________,__________________
Total 30103,حقوق الشركاء,-51120.913,2061.259,10496,-59555.654
,,__________________,__________________,__________________,__________________
Total 301,رأس المال وحقوق الشركاء,-451657.913,2084.075,10518.816,-460092.654
,,__________________,__________________,__________________,__________________
Total Capital and Reserves,,-451657.913,2084.075,10518.816,-460092.654
,,,,,
Turnover,,,,,
,,,,,
401,المبيعات,,,,
,,,,,
40101,المبيعات,,,,
,,,,,
4010101,المبيعات,,,,
,,,,,
4010101001,المبيعات المحلية,,29596.454,2747844.334,-2718247.88
4010101002,مبيعات خارجية,,84176.308,951342.879,-867166.571
,,__________________,__________________,__________________,__________________
Total 4010101,المبيعات,,113772.762,3699187.213,-3585414.451
,,,,,
,,__________________,__________________,__________________,__________________
Total 40101,المبيعات,,113772.762,3699187.213,-3585414.451
,,,,,
40102,مردود المبيعات,,,,
,,,,,
4010201,مردود  المبيعات,,,,
,,,,,
4010201001,مردودات المبيعات ومسموحاته,,833081.926,6224.616,826857.31
,,__________________,__________________,__________________,__________________
Total 4010201,مردود  المبيعات,,833081.926,6224.616,826857.31
,,__________________,__________________,__________________,__________________
Total 40102,مردود المبيعات,,833081.926,6224.616,826857.31
,,__________________,__________________,__________________,__________________
Total 401,المبيعات,,946854.688,3705411.829,-2758557.141
,,__________________,__________________,__________________,__________________
Total Turnover,,,946854.688,3705411.829,-2758557.141
,,,,,
Cost of Sales,,,,,
,,,,,
501,تكلفة المبيعات,,,,
,,,,,
50101,تكلفة المبيعات,,,,
,,,,,
5010101,تكلفة المبيعات,,,,
,,,,,
5010101001,تكلفة المبيعات,,2218354.601,237484.216,1980870.385
,,__________________,__________________,__________________,__________________
Total 5010101,تكلفة المبيعات,,2218354.601,237484.216,1980870.385
,,,,,
,,__________________,__________________,__________________,__________________
Total 50101,تكلفة المبيعات,,2218354.601,237484.216,1980870.385
,,,,,
50102,تكاليف أخرى,,,,
,,,,,
5010102,تكاليف أخرى,,,,
,,,,,
5010102001,فروقات اسعار الشراء,,308990021.5,317895244.5,-8905222.978
5010102002,فروقات جرد المخزون ربح/ خسارة,,61971.775,31788.089,30183.686
5010102003,فروقات تقييم المخزون ربح / خسارة,,274508.425,43890.04,230618.385
5010102004,فروقات في التصنيع,,8733365.641,52459.162,8680906.479
,,__________________,__________________,__________________,__________________
Total 5010102,تكاليف أخرى,,318059867.4,318023381.8,36485.572
,,__________________,__________________,__________________,__________________
Total 50102,تكاليف أخرى,,318059867.4,318023381.8,36485.572
,,__________________,__________________,__________________,__________________
Total 501,تكلفة المبيعات,,320278222,318260866,2017355.957
,,__________________,__________________,__________________,__________________
Total Cost of Sales,,,320278222,318260866,2017355.957
,,,,,
Operating Costs,,,,,
,,,,,
601,مصاريف صناعية,,,,
,,,,,
60101,مصاريف صناعية,,,,
,,,,,
6010101,مصاريف صناعية-المصنع,,,,
,,,,,
6010101001,مصاريف رواتب وأجور,,133092.54,25754.577,107337.963
6010101002,مصاريف الضمان الأجتماعي,,17872.169,3190.581,14681.588
6010101003,مصاريف مكافأة موظفين,,20,,20
6010101004,مصاريف صيانة الالات والمعدات,,6139.415,,6139.415
6010101005,مصاريف المياه,,8614.48,,8614.48
6010101006,مصاريف الكهرباء,,22087.772,,22087.772
6010101007,مصاريف مياء و صرف صحي,,22192.78,475,21717.78
6010101008,مصاريف صيانة عامة,,10645.233,3170,7475.233
6010101009,مصاريف ملابس مهنية,,1749.5,,1749.5
6010101010,مصاريف عينات,,2039.606,,2039.606
6010101011,مصاريف متفرقة,,52.048,0.5,51.548
6010101014,مصاريف لوازم مستهلكة,,23163.838,2689.761,20474.077
6010101015,مصاريف محروقات -ديزل,,2107.135,,2107.135
6010101016,مصاريف محروقات - فيول,,117001.276,19795.9,97205.376
6010101017,مصاريف طعام موظفين,,8383.8,12.225,8371.575
6010101019,مصاريف تعبئة وتغليف,,25004.372,5621.75,19382.622
6010101020,مصاريف سلامة عامة,,1563,,1563
6010101023,مصاريف هاتف وأتصالات وأنترنت,,358.688,,358.688
6010101026,مصاريف علاج موظفين,,330,195.5,134.5
6010101027,مصاريف مواد تنظيف,,2502,,2502
6010101031,مصاريف صيانة سيارات,,3,,3
6010101032,مصاريف مواصلات موظفين,,2465.986,715,1750.986
6010101036,مصاريف فروقات اسعار,,,,
6010101038,مصاريف مواد مخبرية,,658.166,,658.166
6010101039,مصاريف فحص عينات,,2774.827,,2774.827
6010101040,مصاريف تحميل وتنزيل,,1829.61,20,1809.61
6010101041,مصاريف نظافة,,1511.1,,1511.1
,,__________________,__________________,__________________,__________________
Total 6010101,مصاريف صناعية-المصنع,,414162.341,61640.794,352521.547
,,,,,
,,__________________,__________________,__________________,__________________
Total 60101,مصاريف صناعية,,414162.341,61640.794,352521.547
,,,,,
,,__________________,__________________,__________________,__________________
Total 601,مصاريف صناعية,,414162.341,61640.794,352521.547
,,,,,
602,مصاريف بيع وتوزيع,,,,
,,,,,
60201,مصاريف البيع و التوزيع,,,,
,,,,,
6020101,مصاريف بيع وتوزيع,,,,
,,,,,
6020101002,مصاريف تصدير,,10026.5,337.25,9689.25
6020101003,مصروف خصم مسموح به,,23354.369,9679.462,13674.907
,,__________________,__________________,__________________,__________________
Total 6020101,مصاريف بيع وتوزيع,,33380.869,10016.712,23364.157
,,,,,
,,__________________,__________________,__________________,__________________
Total 60201,مصاريف البيع و التوزيع,,33380.869,10016.712,23364.157
,,,,,
,,__________________,__________________,__________________,__________________
Total 602,مصاريف بيع وتوزيع,,33380.869,10016.712,23364.157
,,,,,
603,مصاريف ادارية,,,,
,,,,,
60301,مصاريف ادارية,,,,
,,,,,
6030101,مصاريف رواتب وأجور - ادارية,,,,
,,,,,
6030101002,مصاريف ضيافة - ادارية,,202.55,,202.55
6030101009,مصاريف قرطاسية - ادارية,,1049,,1049
6030101011,مصاريف أتعاب مهنية,,6250,,6250
6030101012,مصروف عمولات زين كاش,,309.093,249.93,59.163
6030101013,مصروف رسوم شهرية واشتراكات,,3250,1450,1800
6030101014,مصاريف حكومية,,1125.788,,1125.788
,,__________________,__________________,__________________,__________________
Total 6030101,مصاريف رواتب وأجور - ادارية,,12186.431,1699.93,10486.501
,,__________________,__________________,__________________,__________________
Total 60301,مصاريف ادارية,,12186.431,1699.93,10486.501
,,__________________,__________________,__________________,__________________
Total 603,مصاريف ادارية,,12186.431,1699.93,10486.501
,,__________________,__________________,__________________,__________________
Total Operating Costs,,,459729.641,73357.436,386372.205
,,,,,
Non-Operating Income and Expenditure,,,,,
,,__________________,__________________,__________________,__________________
Total Non-Operating Income and Expenditure,,,,,
,,,,,
Taxation and Extraordinary Items,,,,,
,,__________________,__________________,__________________,__________________
Total Taxation and Extraordinary Items,,,,,
,,,,,
#9,,,,,
,,__________________,__________________,__________________,__________________
Total #9,,,,,
,,,,,
#10,,,,,
,,__________________,__________________,__________________,__________________
Total #10,,,,,
,,,,,
,,=============,=============,=============,=============
Total,,,5006908291,5006908291,
,,,,,
Customers:,,,,,
,,,,,
Customers,,,,,
,,,,,
210000714,مفلس,,18.446,9.223,9.223
,,__________________,__________________,__________________,__________________
Total Customers,,,18.446,9.223,9.223
,,,,,
OOH BAKERY,,,,,
,,,,,
210000373,مخبز مروج شفا بدران,171.258,1273.581,1046,398.839
210000374,مخبز العمال الالي- الزرقاء,,907.932,649.656,258.276
210000375,وادي القمر للمخابز,705,471784.85,470585.117,1904.733
,,__________________,__________________,__________________,__________________
Total OOH BAKERY,,876.258,473966.363,472280.773,2561.848
,,,,,
Whole sales,,,,,
,,,,,
210000086,شركة خالد حطاب وشريكه,,2350.227,2350.227,
210000091,شركة شمس الاردن للتسويق - فرع الجملة,,12898.879,12898.879,
210000122,أسواق أبو حبل للتموين - الظليل,,21885.546,20255.339,1630.207
210000238,شركة خضر حسين عطية / البيادر,470,10464.864,10934.864,
210000297,محلات الرائد الاستهلاكية  - دير علا,,1070.421,873.091,197.33
210000337,عبدالله ياسر سليمان عبدربه,,425,425,
210000363,مؤسسة أحمد عبدالله للمواد التموينية,,7816.473,5519.084,2297.389
210000387,شركة محمد حمد صابر الجعيدي و شركاه,2103.75,10793.396,11891.368,1005.778
210000394,محلات ابو هشام للمواد التموينية,,2105,2105,
210000437,أسواق الاديب - الاغوار الشمالية,,725.04,510,215.04
210000461,مؤسسة عبد الحميد نواف عوده للمواد التموينية,,4594.683,4590,4.683
210000478,بقالة حمزة بني صخر,,9178.205,8697.841,480.364
210000491,محلات لبابنة للمواد الغذائية و التموينية,1.73,1304.758,1289.727,16.761
210000499,عبد الرحمن شاهين لتجارة المواد الغذائية بالجملة,,5438.12,7211,-1772.88
210000508,مؤسسة احمد ربيع لتجارة المواد التموينية,,4604.482,4698.037,-93.555
210000532,توزيعات جنزير - شارع فلسطين,,2232.18,1902.9,329.28
210000588,بقالة سيف الخشان,,2870.176,2869.696,0.48
210000599,بقالة زكريا البطاينة,,600.002,,600.002
210000639,شركة ميلاس للصناعات الغذائية,,8000,,8000
210000715,شركة أوريجانو لتجارة المواد الغذائية,,15411.5,,15411.5
220000001,مؤسسة احمد حسن ربيع لتجارة المواد الغذائية,,1189.9,823.739,366.161
220000002,مؤسسة أحمد مسمح للمواد الغذائية - جرش,,1140,7.6,1132.4
220000004,مؤسسة احمد السعودي للتجارة,223.25,,223.25,
220000005,محلات ملوح مادبا,,3526.405,3220.408,305.997
220000007,موفق عريمط - المفرق الزعتري,99,2010,2109,
220000009,مؤسسة ومستودع محمود العمري - مادبا,,4729.455,3879.311,850.144
220000010,مؤسسة يعقوب خشرم للمواد التموينية,,500,500,
220000011,مؤسسة يعمون لتجارة المواد التموينية,,22799.97,22799.97,
220000017,شركة أبناء الشرقطلي - الرمم,,538.92,,538.92
220000019,شركة جبل الشيخ لتجارة المواد التموينية -أربد,,2182.483,1017.1,1165.383
220000021,الدربيات للتوزيع,,3184.973,3184.973,
220000022,المال و البنون للمواد التموينية,,237.157,237.157,
220000025,محلات حتر للمواد التموينية,,1062.282,1062.282,
220000026,محلات حلمي للمواد الغذائية,,235.125,235.125,
220000027,محلات فادي درابكه للمواد التموينية,1237.6,,1236.66,0.94
220000029,شركة عبهر الدولية للتموين,,700.08,700.08,
220000030,شركة محمد موسى عمرو و شركاه,,58882.718,58883.152,-0.434
220000032,شركة الشرش لتجارة المواد الغذائية,,3010.636,3010.707,-0.071
220000033,ماجد حسني يوسف عرار,,316.547,221.375,95.172
,,__________________,__________________,__________________,__________________
Total Whole sales,,4135.33,231015.603,202373.942,32776.991
,,,,,
Retail Outlets,,,,,
,,,,,
110000288,يجب تحويل الرصيد,,200,200,
210000001,سوبر ماركت أحمد القرالة - طيبة الكرك,,2463.678,2042.917,420.761
210000002,سوبر ماركت باب المدينة / وادي موسى,599.513,1092.422,1550,141.935
210000003,سوبر ماركت المصطفى - الغور,,29.337,29.35,-0.013
210000004,سوبر ماركت المطارنة,28.754,118.15,146.75,0.154
210000005,سوبر ماركت زيد الرشايدة - حسينية معان,2359.875,,2360,-0.125
210000007,سوبر ماركت توفيق البستنجي - أدر,371.862,224.015,150,445.877
210000008,سوبر ماركت خشم العقاب / الربة,594.458,3622.753,4116.989,100.222
210000010,سوبر ماركت الادهم -غور  الحديثة,76.267,228.914,76.6,228.581
210000011,سوبر ماركت الامين - العدنانية,,383.502,378.55,4.952
210000012,سوبر ماركت أبو روز - غرندل,76.375,176.308,100,152.683
210000013,سوبر ماركت الابداع - المنشية,198.275,158.45,122,234.725
210000015,سوبر ماركت البركة - الصافي,14.741,276.35,290.65,0.441
210000016,سوبرماركت الايمان - مؤتة,141.75,,,141.75
210000017,سوبر ماركت الباشا - الكرك,,260.546,260,0.546
210000018,ماهر القرالة - سيد,4.329,269.071,273.4,
210000019,مجمدات فراس فتحي - الحسا,-193.398,1867.691,1868.749,-194.456
210000020,فيصل مول - معان,392.571,570.201,189.675,773.097
210000021,ماهر القرالة - المنشية - عبدالقادر 2,,135.432,135.432,
210000022,محلات بشير السوداني - الصافي,,201.946,201.5,0.446
210000023,محلات بكر التجارية - المزار,,165.754,167.6,-1.846
210000026,عطارة الياسين - المزار,229.51,717.453,988.66,-41.697
210000027,سوق عامر الشعبي - مؤتة,,35,35,
210000028,شركة احمد عبد الحميد الطراونة وشركاه,,3160.764,3160.775,-0.011
210000029,سوبر ماركت عز و جود - المنشية,188.033,,,188.033
210000030,سوبر ماركت علاء البوشي - الثنية,,347.988,347.478,0.51
210000031,صافينا مول / الصافي / عرار القراله,232.925,714.575,947.5,
210000032,عبد الحفيظ السوداني - الغور الصافي,49.538,179.856,229.5,-0.106
210000034,شركة بيت حانون التجارية - المنشية,3698.999,13447.297,13981.842,3164.454
210000035,مؤسسة علي الناجي,,2377.647,2340.291,37.356
210000036,مؤسسة عماد العمري التجارية,,6674.33,6541.439,132.891
210000037,مؤسسة حسن ابو حطب للمواد التموينية,,2108.491,2108.21,0.281
210000039,مؤسسة نجمة أبو نصير الاستهلاكية,,4274.624,4125.698,148.926
210000040,سوبر ماركت نبع وادي السير لتجارة المواد الغذائية,697.192,456.119,1153.291,0.02
210000041,مؤسسة كوخ الشفا للمونة,,300.147,298.511,1.636
210000043,مؤسسة بارودي للمأكولات,,2408,1928,480
210000047,فؤاد خوري و شركاه,116.561,432.201,476.724,72.038
210000048,محمود عادل خيرى الطيبي,,1522.897,1390.897,132
210000049,مركز حبيبة التجاري - الرابية,,178.189,178.189,
210000050,محلات وليد عوض وشركاة,,200,200,
210000051,محمد عبدالله أبراهيم المبيضين,190.896,620.263,740,71.159
210000052,أسواق القادسية التوفيري -جمعية المتقاعدين العسكرين,,277.365,273.85,3.515
210000053,أسواق رأفت السعودي - الطفيلة,,95.788,93.8,1.988
210000056,جمعية المتقاعدين العسكرين - غرندل,295.808,,300,-4.192
210000057,سلة البتراء ستورز - وادي موسى,301.605,371.3,712.9,-39.995
210000059,أسواق معتز الشاويش - معان,,1356.344,1356.344,
210000060,الشركة الاهلية المتكاملة - الوسية,575.355,233.97,809,0.325
210000061,اسواق ابو هاني - وادي موسى,50.329,174.96,225,0.289
210000062,اسواق اشرف عبد الغفور,,571.5,571.5,
210000063,نزار الهباب و غدير خضر - التايم مول,719.519,704.946,994.369,430.096
210000064,ابن صبح / طيبة البطوش,,484.473,480.05,4.423
210000065,اسواق شتيوي2 -الصافي,50.01,,50,0.01
210000068,اسواق الجملة المركزية - مؤتة,95.286,515.391,481.316,129.361
210000070,بقالة مصعب أبو شحادة - الزرقاء,,646.019,576.356,69.663
210000071,بقالة عدي الكفاوين - جبل المكبر,,196.492,100,96.492
210000072,بقالة محمد أبو حتمة -أسواق احباب الخير -الظليل,,648.992,636.245,12.747
210000073,بقالة يوسف الرملاوي,,771.603,771.66,-0.057
210000074,بوابة السرور لتجارة المواد الغذائية,,8814.314,8806.974,7.34
210000076,بقالة يحيى الأنس,,4512.102,4393.83,118.272
210000078,بقالة حسين الخوالدة,,14028.815,10940.166,3088.649
210000080,بقالة بهاء الكسراوي,,66,66,
210000081,بقالة جمال ناصر,1324.25,4463.926,4963.926,824.25
210000084,بقالة رائدة أحمد - الرحمة الزواهرة,,281.318,281.318,
210000087,شركة ربوع الظليل لتجارة المواد الغذائية,,22944.483,22516.183,428.3
210000089,شركة تروبيا للمواد الغذائية والتموينية,,4098.293,4097.226,1.067
210000090,شركة شمس الاردن للتسويق - عادل مول,,949.194,949.194,
210000092,شركة سلة الطيبات للمواد الغذائية,,4230.411,4230.411,
210000093,شركة سما معصوم لتجارة المواد الغذائية,,3221.529,3216.229,5.3
210000094,شركة العقيل المتخصص لتجارة المواد الغذائية,,1177.803,1177.803,
210000096,شركة ابراهيم محمد النميري وشركاه- اسواق هاشم,620.25,1380.173,745.25,1255.173
210000098,جمعية المتقاعدين العسكريين -الزرقاء,340.847,2126.342,2246.189,221
210000100,شركة العقرباوي للوكالات التجاريه,,6525.322,6081.615,443.707
210000101,شركة أسيا الدولية لتجارة المواد الغذائية,,5393.021,4505.03,887.991
210000103,شركة دكان ربوة النصر للاستيراد و التصدير /الزرقاء,4443.058,7661.937,12104.995,
210000104,شركة دكان ربوة النصر للأستيراد والتصدير- الهاشمي,5008.782,23576.779,28585.561,
210000105,شركة دكان ربوة النصر للاستيراد و التصدير-اربد,8345.975,10428.237,18774.212,
210000106,شركة دكان ربوة النصر للاستيراد و التصدير / المفرق,4811.54,6362.118,11173.658,
210000107,اسواق الجامع للمواد الغذائية,,28667.73,25533.87,3133.86
210000108,اسواق الحي الجنوبي,,85.23,85.23,
210000109,شركة زياد الخشان وشريكه,209.61,11323.976,11152.36,381.226
210000110,شركة عيون الريان التجارية,,79199.091,69536.002,9663.089
210000111,شركة دكان ربوة النصر للاستيراد و التصدير,6773.71,80657.474,72316.219,15114.965
210000113,مؤسسة احمد ابو الزيت - معان,,432.597,,432.597
210000114,محلات سعد السعايدة - الكرك,456.883,,,456.883
210000115,محلات سما القاهرة - المزرعة,163.076,3102.461,3265.521,0.016
210000117,شركة جرش مول,,44762.555,36883.141,7879.414
210000121,أسواق روابي أبيلا - الزرقاء الجديدة,,935.363,818.426,116.937
210000124,بقالة لؤي جابر,3.972,6817.851,6478.658,343.165
210000128,أسواق الدلة - الزرقاء الزواهرة,,611.908,496.427,115.481
210000130,العمر الطويل للتموين / مؤسسة ايمن البغشي,,131.997,132,-0.003
210000131,اسواق أسماعيل جرادات -مدينة الشرق,,5291.656,5291.961,-0.305
210000134,أحمد عودة عوض المعيط - صبحا مول,,1282.566,1214.543,68.023
210000135,المملكة الحرة للاستثمارات التجارية -الروضة,821.95,429.902,1021.95,229.902
210000136,اياد المحشي للخضار والفواكه,,358.857,385.912,-27.055
210000137,عالم البيادر للمجمدات,,2739.15,2187,552.15
210000138,ذمم عينات,,4587.883,2427.869,2160.014
210000139,قدورة للدواجن و المجمدات,,473.025,473.025,
210000140,شركة ويفز العالمية / قطر,-12203.804,120171.665,51738.955,56228.906
210000141,عميل نقدي,200.145,67584.99,69785.23,-2000.095
210000143,مخبز الدرة - جرش,2050,44050,44050,2050
210000145,شركة مخابز الاتصال الالية,9951.773,1044.639,10996.5,-0.088
210000146,شركة هشام القيسي واولاده,280,1327.508,1607.508,
210000147,شركة محمود وليد الجيطان و شركاه - المطار,,6575.016,6575.016,
210000148,شركة محمود وليد الجيطان و شركاه - المقابلين,,4187.488,4187.488,
210000150,شركة محمد سمير العلوي و شريكه,,1168.506,1168.506,
210000152,شركة مشكل لتسويق المنتجات المحلية,,100.8,100.8,
210000153,شركة محمود وليد الجيطان و شركاه - عبدون,,875,875,
210000154,شركة محمود وليد الجيطان و شركاه - خلدا,,1774.998,1774.998,
210000158,اسواق جوافة للتموين,521.809,518.229,955.151,84.887
210000159,الجمعية التعاونية للمتقاعدين العسكريين  لواء القصبة,-178.429,1616.546,1438.116,0.001
210000160,الشريف لتجارة المواد الغذائية - الفنتوش مول,-1.642,757.262,755.62,
210000161,البان وأجبان غيث - دوار الواحة,,814.168,662.935,151.233
210000163,مؤسسة قعوار للتوريدات الغذلئية,,76117.457,73482.561,2634.896
210000164,مطعم علي بابا - جرش,,1370,1370,
210000165,مطعم متجر الفلافل,,1900,1900,
210000166,مخبز انوار مكه - الطفيلة,,3890,3890,
210000169,مؤسسة فادي العرجان التجارية,7712.652,5112.526,10914,1911.178
210000170,مؤسسة ابراج عمان,43869.663,28866.738,30434.497,42301.904
210000173,شركة الدسوقي والموسى,144.333,662.75,707.1,99.983
210000174,شركة البراء للصناعات الغذائية,,15758,16355.43,-597.43
210000175,شركة البركة الدولية للمواد الغذائية,1737.05,10720.512,30147.112,-17689.55
210000176,شركة الصناعات الدولية,48925.729,19393.5,68296.196,23.033
210000177,شركة الطبق للصناعات الغذائية,7515.65,6977.35,14493,
210000178,شركة الشلتاوي و النجار و شركاهم,2915,7199.998,10114.998,
210000179,شركة الشلتاوي والنجار - شلنر,,10739.777,10739.772,0.005
210000180,شركة اسواق الصقر للمواد التموينية - عين الباشا,18876.949,,,18876.949
210000181,الحمدان - 0795281323,,2247.623,2190.848,56.775
210000182,الشركة السعودية الاردنية للتنمية الصناعية,,6427.565,6427.565,
210000183,اسواق عز الدين الدوايمة - مادبا,,184,184,
210000184,البان زياد ابو ركبة_مادبا,75.587,343.242,343.831,74.998
210000186,شركة ابو عودة اخوان,22016.034,,22016.034,
210000187,المتحدة الدولية لصناعة المستحضرات الصيدلانية,8.25,,8.25,
210000190,شركة سموع للقهوة,,1849.995,1850,-0.005
210000193,شركة فادي وشادي سعادة,,5199.999,4759.999,440
210000194,شركة فيلادلفيا للصناعة و التجارة,2561.788,10142.407,9414.162,3290.033
210000197,شركة بهاء الدين البستنجي وشريكه - البستنجي مول,,42755.356,23950.613,18804.743
210000198,شركة المرأة العصرية للتجارة العامة,,1260.003,1260.002,0.001
210000200,شركة العيد لتجارة المواد الغذائية و التجميل,,11606.113,9094.059,2512.054
210000203,شركة  أمجد البستنجي و أولاده,,46587,26286.982,20300.018
210000204,شركة الولاء لخدمات الاعاشة,78046.183,306795.954,238654.103,146188.034
210000205,شركة أرض الشام للمطاعم,10214.091,14430.003,16884.336,7759.758
210000206,شركة القارب لتجارة المواد الغذائية,,5250.678,5062.281,188.397
210000207,شركة الكسواني وجبر,,9.36,9.36,
210000208,شركة الرشد للاستيراد والتصدير,200.283,225.631,425.914,
210000209,شركة الشروق المنير لتسويق المنتجات الغذائية,,7656.072,6242.746,1413.326
210000210,شركة أسواق سلالة,,249.458,248.426,1.032
210000211,شركة بازار السلط الشعبي للمواد التموينية,,924.843,924.843,
210000213,شركة أيام الرملة لتجارة المواد الغذائية - وادي السير,,14700.924,13909.663,791.261
210000214,شركة الربح البسيط للمواد الغذائية - أم أذنية,,2421.833,2384.97,36.863
210000215,شركة الاتجاة التوفيري لتسويق المواد التموينية/الخرابشة,,397.265,397.265,
210000216,شركة الاتجاة التوفيري لتسويق المواد التموينية/أم عطية,,479.435,479.435,
210000217,شركة الاتجاة التوفيري لتسويق المواد التموينية/الاكراد,,385.242,385.242,
210000218,شركة الاتجاة التوفيري لتسويق المواد التموينية/الجامعة,,530.684,530.684,
210000219,شركة الجود والندى للتجارة والاستيراد والتصدير,442.986,1939.667,2143.984,238.669
210000220,شركة الحويان وحمدان,,6106.236,6106.236,
210000221,شركة البصمة الكبرى التجارية,100.375,449.173,375.596,173.952
210000222,شركة البيت الطيب للتجارة,2289.463,6673.618,4826.393,4136.688
210000223,شركة شجرة الدر لتجارة المواد الغذائية,,530.418,501.169,29.249
210000224,شركة عشاق الجنة التجارية,89.97,469.068,489.1,69.938
210000225,شركة سنشري مول,,178.875,90.05,88.825
210000226,شركة سوبر ماركت ربوع القدس,916.606,4236.894,5153.503,-0.003
210000227,شركة نبيل مسك ورجب الخواجه وعدي مسك,,259.448,259.448,
210000228,شركة ياسر الحسامي و اخوانه,,37409.001,34648.999,2760.002
210000229,شركة علان وشريكه - اسواق وادي صقرة,,302.038,193.181,108.857
210000232,شركة جمال ناصر وشركاه - سوق السلطان,84.104,401.29,353.5,131.894
210000233,شركة جوهرة سنبلة حطين التجارية,-53.167,14558.415,13761.247,744.001
210000234,شركة بيت نتيف للتجارة والاستيراد والتصدير,,331.199,331.199,
210000235,شركة تيسير بدوان ومحمود زهير حمدان,,3905.019,3905.019,
210000237,شركة زقاق ميلانو لتجارة المواد الغذاية,,710.171,552.313,157.858
210000239,شركة خليل الرمامنة وشركاه -اسواق البلدة,,984.606,226.875,757.731
210000241,بقالة حمزة الجبارات - الرصيفة,,164.136,57,107.136
210000244,بقالة عدنان و لينا,115.092,245.377,302.204,58.265
210000246,بقالة حنان حسين - الرصيفة,,93.75,93.75,
210000248,أمين عادل أمين البابا,,585.538,646.03,-60.492
210000249,أسواق احمد العموري,,1867.548,1642.261,225.287
210000250,أسواق جواد ابو هولا الاستهلاكية,,1250.477,1217.477,33
210000251,الشريف لتجارة المواد الغذائية -أسواق السلام,,618.904,493.999,124.905
210000252,الشريف لتجارة المواد الغذائية -القرية ستورز,,504.776,416.325,88.451
210000253,أسواق محمد الراعي,,3319.49,3118.319,201.171
210000254,أسواق ميس الدار,,1998.647,1473.378,525.269
210000255,أسواق زرقاء اليمامة للمواد الغذائية,,327.459,327.459,
210000256,أسواق عرفات خشرم التجارية - عين الباشا,,1052.438,1050.1,2.338
210000257,سوبر ماركت باسل ابراهيم,,398.749,398.749,
210000258,سوبر ماركت خالد الشيخ درة,,420.057,420.057,
210000259,سهول القدس للمواد التموينية,177.396,1041.908,1214.864,4.44
210000261,شركة ابو عليا لتجارة المواد التموينية,294.25,1742.469,1181.443,855.276
210000264,سوبر ماركت محمد القناص - خلدا,,151.712,151.712,
210000265,سما البلد الطيب للمواد التموينية,,815.852,815.852,
210000266,جوهرة البلقاء لبيع السكاكر,,13787.907,13077.327,710.58
210000267,حسن محمود حسين الطويسي,846.65,1340.945,2187.595,
210000268,بيت الزيتون للمواد الغذائية,,2145.88,908.906,1236.974
210000269,بيت جبرين مول / شركة فاعل خير,,943.536,849.585,93.951
210000272,خليل محمد اسحق العجو للمواد التموينية,1199.349,,771.254,428.095
210000273,روابي المحطة لتجارة الدواجن واللحوم الطازجة,,1565.643,1304.973,260.67
210000275,أسواق العقاد - أبوعلندا,14.323,158.777,41.206,131.894
210000276,أبو جميل - زيزياء,,200,200,
210000277,أسواق أبن سليمان,127.179,1895.918,611.529,1411.568
210000278,أسواق حسن مصطفى - التاج,,350,175,175
210000279,أسواق حسن سلامة - المستندة,110.021,5900.901,6010.922,
210000280,الطبيب للأغذية الصحية,198,659.992,857.992,
210000281,البان غيث / نزال,433.599,621.424,777.788,277.235
210000282,المؤسسة الاستهلاكية للأمن العام,,4149.224,3870.918,278.306
210000283,انس عزات عبد السميع غيث - البان غيث نزال,,165,150,15
210000284,امجد محمد نبيل عبد الحميد عامر,366.293,,,366.293
210000286,سنابل المرج لتجارة المواد الغذائية / مرج الحمام,,765.33,765.326,0.004
210000287,سوبر ماركت وردة الهيام,,189.409,152.083,37.326
210000288,شركة التميز الخليجي للمواد الغذائية,168.896,222.97,391.866,
210000289,شركة الاخوة المتميزون للتموين,268.117,1802.257,1855.294,215.08
210000290,أسواق محمد عزت جودة - مرج الحمام,69.302,,69.3,0.002
210000291,أسواق زهرة البوادي التموينية,,2982.338,2811.394,170.944
210000292,أسواق ومصانع خان يونس التجارية,,8995.953,7198.604,1797.349
210000293,سلة الزيتون,,780.96,773.921,7.039
210000294,بقالة الاخ الرائع - المقابلين,2245.738,11533.135,11125.742,2653.131
210000295,أسواق خيرات السلطان - أبو علندا,816.932,1366.928,1720,463.86
210000300,محمد احمد القواسمة للمواد الغذائية والتموينية,-6.629,672.052,597.419,68.004
210000303,شركة هاشم محاشي  و اولادة  - اربد,,2481.504,2032.379,449.125
210000304,مجمدات أسلام أبو أمن - أربد,,39.424,,39.424
210000305,مجمدات أبو موسى - أربد,,6294.338,5336.083,958.255
210000307,مؤسسة انقرة - سال اربد,,236.72,232,4.72
210000308,ابن سعيد مول - زيزيا,1769.318,6239.776,6966.019,1043.075
210000309,اسواق ابو هاني -زيزيا,2099.027,7917.069,8678.606,1337.49
210000313,منيب ماركت - قميم,,723.921,723.92,0.001
210000315,مؤسسة  بشرى الاستهلاكية,93.896,205.837,298.83,0.903
210000316,شركة الشراء السهل للتجارة -الشعب مول,,1832.632,1422.42,410.212
210000317,محمد حمدان وشريكه,,8153.596,8153.596,
210000318,محمد اندي - الاشرفية,,77.924,77.9,0.024
210000319,مركز جنوب  المملكة للجملة -  مرج الحمام,,3052.336,2998.7,53.636
210000320,مدينة الدفاع المدني التدريبية,,2099.32,2097.72,1.6
210000322,عيسى حسني حسن ابو عودة,,1742.399,1068.83,673.569
210000325,محلات الصالح - المقابلين,,395.714,315.051,80.663
210000326,محلات ابو صايل / اليادودة,,88.451,,88.451
210000327,مؤسسة اسامة العبسي لتجارة المواد الغذائية,,1529,1529,
210000330,هايبر ماركت سنابل البركة,,,170.382,-170.382
210000331,مؤسسة محمد السلال,18955.051,43701.676,51023.921,11632.806
210000332,مطعم الفيحاء,,1456.366,1456.366,
210000333,مطعم السنبل / دوار الجمرك,6290,23060,29358.095,-8.095
210000334,مطعم أبو جبارة / جرش,998,2880,3878,
210000335,مطعم علي بابا - نزال,960,2535,2941,554
210000336,مطعم حسام التوتنجي / سحاب,1494.991,12330.015,11260,2565.006
210000338,شركة سنابل عدن لتجارة المواد الغذائية والاستهلاكية,286.458,1162.929,1145.5,303.887
210000339,شركة حسام الدين الخندق وشريكه - مرج الحمام,374.008,2255.284,2350.118,279.174
210000340,شركة علي عمر أبراهيم حسونة وشريكه,,1471.369,973.392,497.977
210000341,شركة كاليس للتجارة,,769.769,287.595,482.174
210000342,شركة عماد ياسين وشريكه,,1290.188,1290.2,-0.012
210000343,شركة أسواق كاس الرومان للمواد التموينية,,1158.708,850.876,307.832
210000345,شركة أش للمطاعم السياحية,,1444,1444,
210000346,شركة بيروجيا لتجارة المواد الغذائية,715.958,,715.958,
210000347,شركة أمجد البستنجي وشركاه - عمان,-987.722,3840.758,1084.135,1768.901
210000348,شركة مؤته الحديثة لانتاج وتربية الدواجن - مرج الحمام,180.635,,,180.635
210000350,شركة نسر الاردن الدولية لتجارة المواد التموينية,,27.5,,27.5
210000352,شركة يالوفا  للمواد الغذائية,,6840.194,5333.258,1506.936
210000354,شركة كينغز أكاديمي المساهمة العامة,615.4,,614,1.4
210000355,شركة محمد صفوان زيزان وشركاه - النصر هايبر ماركت,62.938,,,62.938
210000357,شركة محمد وسامي العبسي - الجمرك,,790.185,9.681,780.504
210000358,مؤسسة زهرة الطيبات للمواد الاستهلاكية,,2600.369,2328.097,272.272
210000359,مؤسسة حمزة محمد عليمات,,2555.672,2555.68,-0.008
210000361,مؤسسة مراد الخوالدة التجارية,,2311.384,2742.45,-431.066
210000362,مؤسسة فراس جبر التجارية,,3229.91,2999.57,230.34
210000364,مؤسسة أحمد العمايرة التجارية - الظليل,,3135.862,3135.862,
210000366,مؤسسة حمزة أبو زينة للمواد التموينية,,670.528,600,70.528
210000367,مؤسسة جبل الأنصار التجارية,,711.924,711.924,
210000368,اسواق طه الاستهلاكية,574.27,3820.051,4394.321,
210000370,اسواق عمر احمد الرشدان للمواد التموينية,,1142.535,465.015,677.52
210000371,البان التمام - اربد,49.729,1365.742,947.058,468.413
210000372,اسواق عمر الزعبي / الرمثا,,19591.719,18157.093,1434.626
210000379,شركة يوسف مريش و اولاده,,1051.213,1245.513,-194.3
210000380,شركة يوسف حطيني وشركاه,,2081.293,1332.425,748.868
210000381,بقالة علي خليفه مبارك بصبوص,,1354.018,1354.018,
210000382,قمح ولوز للمعجنات والحلويات,,66,66,
210000384,شركة عقربا للتوزيع - معصوم,,8375.223,7333.279,1041.944
210000385,شركة شمس الاردن للتسويق - هايبر ريتاج فرع ام القطين,,257.356,,257.356
210000386,شركة قاسم محمد الاحمد وشركاه,,411.378,411.473,-0.095
210000388,شركة قوام الحسناء للتمور,,59.85,291.526,-231.676
210000392,مخابز القدس - الزرقاء الجديدة,,6476.71,5319.214,1157.496
210000393,محمص وبهارات ماجد  مهيار,10,886.636,796.636,100
210000396,محلات الديوان - العموش,,95.337,95.3,0.037
210000397,محلات خيرات بلدنا - الزرقاء,2581,,900,1681
210000398,محلات أبو كايد - الزرقاء,,75,75,
210000399,البان التوحيد -أربد,,1368.001,1038.001,330
210000403,شركة البرتقالة الماسية لتجارة الخضار و الفواكه,,7183.862,7076.285,107.577
210000405,بقالة ناصر الدرايسة - سهل حوران - الطرة,180.195,,180,0.195
210000406,بقالة مرح عمرات - البويضة,60.958,,,60.958
210000407,بقالة نجاح الجراح,142.58,,,142.58
210000409,سوبر ماركت  صلاح هاشم محاشي,,1882.92,1466.798,416.122
210000410,شركة لؤي فهمي الرماح وشريكه,,214.049,214.049,
210000411,شركة عبدالله ابراهيم الطعاني وشريكة - اسواق مترو,39.417,68.53,,107.947
210000412,شركة محمد جمعه حامد ابراهيم وشريكته,,1963.968,3586,-1622.032
210000413,شركة مخابز الاتصال الالية - سوبر ماركت,131.141,634.288,383.279,382.15
210000414,شركة محمد عبد الرحمن الزعبي و شريكته,,206.239,206.239,
210000415,شركة اليرموك للمواد الغذائية,,11215.969,10709.9,506.069
210000416,شركة الطبق للصناعات الغذائة - سوبر ماركت,480.792,412.394,185.792,707.394
210000419,شركة حداثة للأسواق التجارية المتكاملة,80.671,,,80.671
210000420,بقالة أيدون - اربد,358.464,,,358.464
210000421,أبو هاشم مول - الكريمة,-269.997,736.653,251.616,215.04
210000424,أسواق احمد البلعاوي - ايدون,,3279.431,2546.738,732.693
210000425,أسماعيل عالعالي للمواد الغذائية,,2224.708,1745.185,479.523
210000426,البان القعقاع - أربد,417.708,2570.797,2988.505,
210000427,البان العدوس - كفريوبا,174.625,414.36,370.15,218.835
210000428,البان أبو زيد الكفارات - حبراص,,990,990,
210000430,البان عمر _ اربد,,495,495,
210000433,أسواق قميم التجارية - قميم,58.667,42.394,101.061,
210000435,أسواق محمد خليل - الدبج مول,13.671,201.432,45.747,169.356
210000436,أسواق الفرقان - أربد,,5305.076,3836.929,1468.147
210000444,شركة مخابز السنبلة  / الماسية,,4999.998,4999.998,
210000445,مؤسسة أعزاز التجارية,,1593,1593,
210000447,مؤسسة سليمان ابو عودة لتجارة المواد الغذائية,9494.667,5409.914,11592.535,3312.046
210000448,شركة الواحات لتجارة التمور,50,,50,
210000450,شركة تلال الاردن التجارية,,4657.958,4444.156,213.802
210000451,البان مكة حبراص - أربد,,332.761,332.761,
210000454,جعفر كنانه للالبان و الاجبان,315.646,1129.905,1159.29,286.261
210000456,شركة حمدان لصناعة المواد الغذائية,2637.5,15096,6591.5,11142
210000459,مديرية الدفاع المدني شرق عمان,,676.273,676.273,
210000465,شركة كوخ المدينة الرياضية للمواد الغذائية,,105.765,105.887,-0.122
210000466,بقالة عبد القادر عبد الجواد,,1125,850,275
210000468,المعارض,,240.274,240.274,
210000469,أجنحة الصقر التجارية,588.729,25366.129,25954.711,0.147
210000471,بقالة والبان القيروان,,565.686,553.179,12.507
210000472,سوبر ماركت الشلة,,1033.548,833.836,199.712
210000473,شركة ازهار ضبعة لتجارة المواد الغذائية,442.811,1573.144,2015.955,
210000474,شركة المحترفون لصناعة الشوكلاتة,,19280,9020,10260
210000475,محلات هارون الشاويش -معان,574,407.988,981.988,
210000476,اسواق تلال ضبعه للتموين,,8929.95,7882.52,1047.43
210000477,التقى للمطاعم و المواد الغذائية,67.541,991.32,1015.2,43.661
210000479,سوبر ماركت منصور المصري,404.75,582.55,987.3,
210000481,البان محمد عبدالله ابو ركبه - دوار المحبة,108.979,,130,-21.021
210000482,محمد البستنجي مبيعات نقدية,,6491.437,6491.437,
210000483,سوبر ماركت أم الشقف - غسان التعمري,,65,65,
210000484,البان و اجبان سما ضبعه المركزي,556.783,11322.854,11879.637,
210000486,مركز دفاع مدني الماضونه,,172.08,172.08,
210000487,شركة محمد نبيل غيث و ناصر عزات غيث و شريكهم,,613.707,605.776,7.931
210000488,الأساس القوي لتجارة المواد الغذائية,3257.85,6882.43,9925.24,215.04
210000490,هلا مول - حسينية معان,170.858,1033.502,1204,0.36
210000492,ليث الغريب للمواد التموينية,,284.647,284.656,-0.009
210000493,بقالة احمد عبد الرحمن شعبان,281,,281,
210000494,مؤسسة احمد الشويات للمواد التموينية,857.412,,,857.412
210000495,علي للتسوق / الرمثا,107.892,1009.395,338.881,778.406
210000497,شركة زيت وخل للاستيراد والتصدير,91.2,513.597,511.197,93.6
210000500,شركة زيدان العموري واولاده,4101.92,,,4101.92
210000501,ميني ماركت اياد السواعير,,773.943,784.837,-10.894
210000503,سوبر ماركت بلال القريوتي,,889.92,360,529.92
210000504,سوبر ماركت عز الدين الاقطش / مادبا,604.625,1454.265,1828.17,230.72
210000505,مطعم بوابة البلقاء - السلط,462.113,4852.086,4114.189,1200.01
210000506,ربوة خلدا- خلدا,,112.739,112.75,-0.011
210000507,شركة فادي ومحمد محمود حمدان / البان ضبعة,,2948.493,2925.765,22.728
210000510,البان الخبير,25.433,1861.566,1416.886,470.113
210000511,شركة صقور عمان  لتجارة المواد الغذائية,14004.939,5042.748,19047.687,
210000512,شركة حسن و أحمد الزيود و شركائهم,180,209.022,384.801,4.221
210000513,اسواق الباحة,399.862,4185.327,4365.564,219.625
210000514,ربوة ناعور _ناعور,,5975.083,5014.093,960.99
210000515,الفيصل مول 2-معان شارع الجامعة,569.7,403.568,605.7,367.568
210000516,اسواق المهندس للتسوق - العيص,87.15,153.912,153.9,87.162
210000517,اسواق اطايب النعم - الربة,,562.775,564.75,-1.975
210000518,سوبر ماركت محمد النجادة / مادبا,1675.625,4484.124,4350,1809.749
210000519,مخابز غيث - وادي صقرة,,114.136,114.136,
210000520,أسواق المختار - ناعور,,1156.82,1052.694,104.126
210000522,شركة فلورا للصناعات الغذائية,12398.321,29984.846,33749.944,8633.223
210000523,شركة محمود الشلتاوي و شركاه / الضاحية,,16821.217,15061.217,1760
210000524,شركة فادي احمد النجار و شركاه,,19905.023,18600.023,1305
210000525,توزيعات الجنوب,2700.36,5479.864,7970,210.224
210000526,مخبز الجيل / الياسمين,,1200,1200,
210000527,مخابز جوهرة الرشيد الالية,,2900,1900,1000
210000528,مخبز انوار الرحمن,1799.523,3450,5249.523,
210000529,مطعم دنيا المشاوي,,1440,960,480
210000530,المخابز الاتوماتيكية الحديثة,,432.932,432.932,
210000531,مخابز غيث - الوحدات,,627.543,493.959,133.584
210000533,حازم العجة,90,365.174,294,161.174
210000534,أبو محمد الشرفا,,172.799,172,0.799
210000535,شركة الميان للمواد التموينية,,37447.089,28622.883,8824.206
210000536,سوبر ماركت أوبي - سحاب,232.5,342.939,466,109.439
210000537,أفران وحلويات القصر الشرقي -اربد,,27274,25055.992,2218.008
210000538,شركة الصفوة لتجارة المواد الغذائية,354.75,1205.154,1558.556,1.348
210000539,شركة أمجد عمرو - الوحدات,739.667,1893.004,1685.118,947.553
210000541,مخازن المدينة التجارية,,1150,1040,110
210000542,سوبر ماركت أحسان يوسف أبو عودة,137.615,,137.615,
210000545,مؤسسة معتز البواريد لتجارة المواد التموينية,,2673,2672.959,0.041
210000546,س.م انقرة - عساف -معان,,19.25,19.25,
210000547,شركة وريف لخدمات الطعام,,836.709,735.909,100.8
210000548,شركة ذئاب البحر الاحمر,226.75,,,226.75
210000549,سوبر ماركت ياسمين وبشار,46.5,171.907,205,13.407
210000550,محلات ابناء عبده الخزاعله,,1602.52,1602.52,
210000552,توزيعات السامر,6125.273,,866.8,5258.473
210000553,سوبر ماركت ستوب وشوب - الكرك,,213.807,209.5,4.307
210000554,سوبر ماركت الاغوات - سيد الكرك,40.504,196.183,236.75,-0.063
210000556,شركة مخبز روابي الثقافة,,1580,2750,-1170
210000557,سوبر ماركت جلكسي ون,165,2744.508,2758.244,151.264
210000558,محمص العائلة -غرندل,31.125,,31,0.125
210000559,سوبر ماركت دانة الجنوب - طيبة وادي موسى,,72.875,72.85,0.025
210000560,مطعم السنابل,480,7753.996,7058.01,1175.986
210000561,مركز الشوملي للتموين - حمزة,,465.156,399.986,65.17
210000562,مخبز ميسر راضي الخطبا,,800,600,200
210000563,مؤسسة كزبرة التجارية - مرج الحمام,,15,15,
210000564,بقالة رزان ابو رمان - أبواب الرزق,,319.242,259.072,60.17
210000565,أبو محمد - مخيم الوحدات,1008,1504.98,2199,313.98
210000566,سوبر ماركت الشلتاوي _سحاب,189.133,,189,0.133
210000571,سامر الدويك مبيعات نقدية,,5227.168,5221.332,5.836
210000572,امجد زكي مبيعات نقدية,,1696.715,1565.21,131.505
210000574,جهاد فقوسة مبيعات نقدية,,21171.367,19704.769,1466.598
210000575,سفيان التعمري مبيعات نقدية,,6411.702,6261.616,150.086
210000576,لؤي السيد مبيعات نقدية,,3909.727,3909.688,0.039
210000578,اسواق الدوار,,853.886,854,-0.114
210000579,بقالة غصن الحي الاخضر,,3080.954,2983.209,97.745
210000580,بقالة هضاب الاقصى,,308.174,308.174,
210000582,حاتم الشويكي لتجارة الالبان و الاجبان,,165,165,
210000584,مؤسسة ليث النعسان لتجارة المواد التموينية,,19590.152,15026.8,4563.352
210000585,شركة المعاصرون للصناعات الغذائية,,1638.747,1638.747,
210000586,مؤسسة نبيل ابو سيف للدواجن,,944.246,468.206,476.04
210000589,سوق الطويل للمواد التموينية/ الطيبة,,2498.02,2498.01,0.01
210000591,اسواق طلة المستندة,,830.522,830.522,
210000592,جبال ابو علندا للمواد التموينية,,112.277,200,-87.723
210000593,شركة اسواق جنة عدن للمواد التموينية,,213.75,213.75,
210000594,الراعي للتموين,,2683.067,2653.055,30.012
210000595,شركة بهاء الدين البستنجي و شركاه مبيعات,,14983.359,,14983.359
210000597,بقالة ابراهيم حمدان,,284.387,113.25,171.137
210000598,شركة اغرة للمطاعم السياحية,,2282.387,1922.39,359.997
210000601,مؤسسة رائد العلوي للتموين,,1168.506,1168.5,0.006
210000602,عصام فضل حمود,,40,40,
210000603,مركز دفاع مدني ماركا,,66.84,66.84,
210000604,مؤسسة ارض الريان لتوريد المواد الغذائية,,1016.422,801.382,215.04
210000605,مؤسسة زينة الجيزة التجارية,,153.318,100,53.318
210000606,سوبر ماركت و مجمدات ايمان حربا,,650.298,539.84,110.458
210000607,بقالة سما الفالوجة,,1230.709,500,730.709
210000608,شركة الاتجاه التوفيري لتجارة المواد التموينية /ابو القيقب,,291.159,291.159,
210000609,حجر الزيتون لخدمات الطعام و الشراب,,360,250,110
210000611,ابو عطا للمواد التموينية الطفيلة,,364.55,300,64.55
210000612,دام العطاء اللوجستية للتزويد و الخدمات,,277.863,277.863,
210000613,مخبز الشلتاوي - الجمرك,,1800,1800,
210000614,شركة عسل الرمال لتجارة التمور,,230.202,230,0.202
210000615,اسواق ماسة التجارية,,746.45,746.45,
210000616,مؤسسة كرمه و سليمان الغويري,,165.814,,165.814
210000617,مؤسسة سهير الاسطل للمواد الغذائية,,988.167,972.746,15.421
210000618,مخابز الاحسان,,2000,,2000
210000621,مطعم محمد العفيف,,2739.647,,2739.647
210000624,شركة برافو لصناعة المكسرات و الشوكولاته,,2378,,2378
210000625,شركة اضواء باري لتجارة المواد التموينية,,72.424,72.42,0.004
210000627,مؤسسة عبادة زغلول للمواد الغذائية,,171.204,171.204,
210000628,نايف الحلبوني - مبيعات نقدية,,1539.424,1539.424,
210000629,امجد العمري - مبيعات نقدية,,886.901,886.901,
210000631,اسواق شهوان - ام البساتين,,303.077,138.9,164.177
210000634,مؤسسة عمر الناطور الاستهلاكية,615.921,,,615.921
210000637,أسواق احمد يحيى للتوفير,,204.792,,204.792
210000638,شركة عود وناي للمطاعم السياحية,,480,480,
210000642,مؤسسة سلبود للالبان والاجبان,,328.082,128.082,200
210000676,مخابز قشطه,,11088,11088,
210000684,مخبز ظاهر نايف الطراونة,,1660,,1660
210000690,بقالة محمد ابو محفوظ -الزرقاء,,270.644,,270.644
210000691,اسواق رائد الكرد الاستهلاكية,,102.663,102.663,
210000692,بقالة مفيد عبدالعال -أسواق أنس,,913.352,,913.352
210000713,بقالة محمد المومني,,525.31,525.31,
,,__________________,__________________,__________________,__________________
Total Retail Outlets,,410726.556,2256046.067,2138900.75,527871.873
,,,,,
Cash Van,,,,,
,,,,,
210000441,محمد البستنجي كاش فان,,6842.68,6843.233,-0.553
210000442,قصي ذيب كاش فان,,6093.268,5872.653,220.615
210000443,عمار عنبة كاش فان,,3346.604,1217.915,2128.689
210000569,احمد ابو حشيش كاش فان,,6018.625,1253.396,4765.229
210000619,مطعم ياسر عبدالله البستنجي,,738,588,150
210000622,حسن المشايخ -كاش فان,,499.981,169.576,330.405
210000623,يوسف أحمد كاش فان,,7375.107,61.413,7313.694
210000630,يزن حمدان - كاش,,1724.962,10.307,1714.655
210000633,محمص العقاد,,67.276,,67.276
210000635,سوبر ماركت بانا - السكين,10.5,,,10.5
250000077,محمود أبراهيم الدغيمات,-244.305,2042.324,1931.224,-133.205
250000092,محمد طاهر محمود غرز,,606.183,555.833,50.35
250000093,محمود نادر ابو دوش,,585.532,584.832,0.7
250000098,محمد عيد خضر ابو العرج,,176.11,,176.11
,,__________________,__________________,__________________,__________________
Total Cash Van,,-233.805,36116.652,19088.382,16794.465
,,,,,
Key Account,,,,,
,,,,,
210000188,المركز الاردني للتجارة و الاستثمار - كوزمو,,7374.542,8483.172,-1108.63
210000489,شركة مواقع سامح التجارية,,2.549,2.549,
210000712,شركة السلة الذهبية للتجارة,,1543.135,,1543.135
,,__________________,__________________,__________________,__________________
Total Key Account,,,8920.226,8485.721,434.505
,,,,,
Tenders,,,,,
,,,,,
240000001,شركة يوسف نادر و أولاده,7518.984,47905.818,42892.304,12532.498
,,__________________,__________________,__________________,__________________
Total Tenders,,7518.984,47905.818,42892.304,12532.498
,,,,,
EXPORT,,,,,
,,,,,
210000168,مؤسسة سمير عايض كردي العنزي للتجارة,,937281.358,779353.95,157927.408
230000003,super food srls,33479.689,,14132.497,19347.192
230000004,MEDITERRANEAN IMPORT LTD,41477.292,,,41477.292
230000006,OMARA IMPORT,8905.403,73582.133,75361.748,7125.788
230000007,شركة سكاي ستار للتجارة العامة للمواد الغذائية,-2081.521,49035.54,32022.01,14932.009
230000008,شركة قطر الوطنية للأستيراد والتصدير,35138.04,106137.614,140445.61,830.044
230000009,شركة وردة الصفصاف اللتجارية,235.388,,,235.388
230000010,VG FERRARIS 15,32379.846,,32379.846,
230000012,شركة الوادي الاخضر -بيروت,-3930.502,9146.4,6359.73,-1143.832
230000016,HECHAM GROUP PTY LT,-0.25,,,-0.25
230000017,Alimenta srl,,324612.494,237789.708,86822.786
230000018,ALLAZEEZA TRADING LLC,15076.177,,,15076.177
230000020,IKRAMI DISTRIBUTION,10829.481,,,10829.481
230000023,GREEN LAND FOOD,21253.342,,,21253.342
230000024,Green World Food Express INC,3366.578,,,3366.578
230000025,شركة دمشق القديمة,1007.135,,,1007.135
230000026,نوار اتجارة المواد الغذائية,6944.938,1660.478,,8605.416
230000028,YARAFOOD B.V,48927.381,,47513.635,1413.746
230000029,شركة الاسراء العالمية,,23183.16,19622.758,3560.402
,,__________________,__________________,__________________,__________________
Total EXPORT,,253008.417,1524639.177,1384981.492,392666.102
,,,,,
Employees,,,,,
,,,,,
110000002,يجب نقل الرصيد,,7036,7036,
210000581,خليل صلاح سليمان الغلبان,-248.917,331.5,,82.583
210000587,احمد عبدالمجيد صالح الايوبين,-370,3224.463,2881.129,-26.666
210000636,أحمد صلاح الغلبان,-222.64,,,-222.64
250000001,كامل فادي دنون,-272.967,2812.444,2489.477,50
250000002,قاسم عاطف موسى,,462.5,1850,-1387.5
250000003,فرح دهش رداد الجهران,-255.6,860.45,523.85,81
250000004,محمد سلمان أبراهيم البستنجي,-296.88,2756.25,2459.375,-0.005
250000005,ليث خليل خضر,-241.861,3526.954,2941.111,343.982
250000006,لؤي صابر محمد ابو هزاع,-554.062,3522.348,2719.286,249
250000007,علي كامل دنون,-282.996,3624.19,3341.221,-0.027
250000009,عبدالله يوسف محاميد,-142.205,3008.982,2745.256,121.521
250000011,عمر فاروق طه الشيخ,217.24,2383.672,2305,295.912
250000013,نور الدين عبد الرحيم البستنجي,816.046,14121.108,13103.7,1833.454
250000014,مفيد علي محمد أبو خميس,-363.746,4424.562,3982.062,78.754
250000017,يوسف اياد البستنجي,-268.25,2017.503,1748.903,0.35
250000018,هبة باسل خليل الشريف,-218.25,1072.75,580.5,274
250000019,محمد نور الدين الوحيدي,-222.304,5535.841,5311.876,1.661
250000020,محمد منذر محمد السواعير,-266.213,2764.72,2370.173,128.334
250000021,محمد فاروق طه الشيخ,-163.861,3337.903,3098.843,75.199
250000022,معاذ بسام أحمد أبو حماد,-255.703,1516.436,1214.115,46.618
250000023,محمود اسماعيل عصمان,-310.588,3830.526,3132.257,387.681
250000024,محمد يوسف محاميد,359.091,771.834,659.187,471.738
250000025,عبدالله ياسر البستنجي,-52.075,5044.925,4337.15,655.7
250000027,أحمد محمود عبدالقادر العقيلي,-155.607,3521.885,3266.051,100.227
250000028,أحمد محمد محمود الحوامدة,-646.874,4158.887,3412.012,100.001
250000030,حمزة محمد أبو غنيم,-254.13,3089.505,2716.88,118.495
250000031,جهاد محمود محمد  فقوسة,300.982,94.627,24.65,370.959
250000032,المعتز بالله ناصر سليمان العطرة,-346.753,3364.344,2963.841,53.75
250000033,المعتز بالله اسامة محمد البستنجي,-218.269,2041.103,1635.103,187.731
250000034,احمد محمد محمود القطارنة,-218.804,2028.711,1740.461,69.446
250000035,أحمد بسام احمد ابو حماد,-315.547,2817.379,2425.412,76.42
250000036,أحمد ابراهيم محمود ابو سمحة,-268.43,2451.723,2148.992,34.301
250000038,عامر رامي عامر سليم,-194.601,1966.783,1698.43,73.752
250000039,عاصم عمر أحمد البستنجي,99.995,1917.578,1917.58,99.993
250000040,عادل عصام المصري,-424.026,1380.06,215.25,740.784
250000041,عبدالرحمن خليل ابو اسماعيل,-284.707,2296.959,2012.957,-0.705
250000044,زياد محمد الحريري,-373.497,4630.928,3428.65,828.781
250000045,رضوان سائد,-239.797,2377.371,2108.545,29.029
250000046,حمزة مصلح مسلم ابو غليون,-248.761,1511.018,1196.097,66.16
250000048,سعد حسن سعد منسي,-321.88,3514.726,3128.677,64.169
250000049,ساجدة باسل خليل الشريف,-193.239,2182.25,1889,100.011
250000050,محمود رياض الدغيمات,-208.025,2608.457,2155.742,244.69
250000051,أحمد فواز التلبيشي,-218.288,2143.727,1683.813,241.626
250000052,بدوي بلال حسن,,3783.89,,3783.89
250000053,نور المجدوب,-323.901,2792.645,2461.185,7.559
250000054,وسام محمد,,270.666,541.332,-270.666
250000055,وسام محمد أبو غنيم,-267.7,1891.849,1302.583,321.566
250000058,لينا السيد جابر عبد الفتاح,-238.301,1888.517,1620.167,30.049
250000059,مرشد عطالله الراشد,,1635.89,1236.881,399.009
250000060,امجد يوسف الفيومي,800,400,1200,
250000061,ابراهيم سلمان البستنجي,-180.987,2123.511,1655.977,286.547
250000062,أنس محمد خضر ابو العرج,-219.484,714.023,277.313,217.226
250000063,حنان مصطفى عبد العال ابو حسين,-183.583,635.416,451.833,
250000064,خالد دوحان حمدان الفواعرة,-218.401,2599.37,1741.949,639.02
250000065,عبادة ماهر ابو دوش,-220.099,2148.27,1901.987,26.184
250000066,عبدالله علي محمد الدرابيع,-199.259,909.16,728.782,-18.881
250000067,فرح محمد قويدر,-218.25,2089.193,1858.083,12.86
250000068,عبدالملك علي علي,,2445.605,100,2345.605
250000069,عدنان احمد اليمني,,2292.58,100,2192.58
250000070,حمزة مسعد ناجي,,2508.071,100,2408.071
250000071,حاتم قاسم سليمان العيد,,744.615,683.615,61
250000072,رانيا حامد حسين الكوز,-208.583,2075.454,1816.521,50.35
250000073,طلال ابراهيم سالم الخريشا,-270.067,2154.757,1886.507,-1.817
250000074,اسراء عدنان محمود عباس,-585.894,4779.288,4193.394,
250000075,رانيا نبيل مصطفى كتوت,-416.25,3360.805,2931.673,12.882
250000076,طارق حسام بركات بطاح,-605,5422.7,4162,655.7
250000078,سيف الدين ناصر النويرات,,939.781,961.53,-21.749
250000079,ليث فلاح محمود الخلايلة,,942.196,942.166,0.03
250000082,محمود مصطفى البشارات,,973.613,973.613,
250000083,محمد خالد الطواب,,345.394,176.114,169.28
250000084,صهيب سليمان النويرات,,992.947,992.947,
250000085,نائل بسام محمد,,1080.03,983.28,96.75
250000088,محمد ايمن ابو سرحان,,615,615,
250000089,محمد خالد سعيد الطواب,,478.498,478.498,
250000090,ايهم يوسف البواطي,,1582.5,1582.5,
250000091,احمد خليل عطا درس,,769.531,224.447,545.084
250000094,لؤي ايهاب يحيى العقيلي,,534.833,584.833,-50
250000095,جهاد حسن جميل العموري,-80.512,,,-80.512
250000096,محمد بسام ابو حماد,-1.1,,,-1.1
250000097,فاضل صوالحة,-369.447,,,-369.447
250000099,علوي المصري,,656,,656
250000100,صخر وهبان ناجي,,299.07,,299.07
250000101,أحمد محمد صالح أحمد,,352,,352
250000102,خليل كايد احمد الوردات,,50,,50
,,__________________,__________________,__________________,__________________
Total Employees,,-12353.817,188363.55,154065.324,21944.409
,,,,,
,,__________________,__________________,__________________,__________________
Total Customers:,,663677.923,4766991.902,4423077.911,1007591.914
,,,,,
Suppliers,,,,,
,,,,,
Local Vendors,,,,,
,,,,,
LV0000309,شركة الاوائل لأنظمة الحاسبات,,,350,-350
LV0000310,شركة أوج لهندسة المياه,,1620,1620,
LV0000317,نقليات ابو أيوب,-1805,9310,7790,-285
LV0000320,جدكو,-48357.76,,,-48357.76
LV0000322,جوهرة المدينة للادوات الكهربائية,-1956.967,8342.402,6838.549,-453.114
LV0000327,شركة المدن الصناعية,,13411.88,13412.26,-0.38
LV0000328,شركة زهرة الضياء لبيع القهوة والبهارات,-9000.511,78515.571,74765,-5249.94
LV0000329,شركة برافو لصناعة المكسرات والشوكولاته,,782.365,898.684,-116.319
LV0000332,شركة المطاحن الهاشمية المحدودة,,,32946,-32946
LV0000340,بعيا للتخليص على البضائع,-0.14,8668,8741.86,-74
LV0000342,مؤسسة السيد بطيبط التجارية,-15.95,,,-15.95
LV0000343,شركة حياه الطفل لصناعة المنتجات الصحية,-2614.411,4740.886,3090.79,-964.315
LV0000344,شركة النبلاء لتطوير المدن الصناعية,577433.285,43196.5,,620629.785
LV0000346,مؤسسة مجدي القعابرة للخدمات المطبعية,,570,738,-168
LV0000347,شركة كابيتال للشحن,,9550,4186,5364
LV0000351,مركز التوريدات الانشائية,-560,,,-560
LV0000354,شركة افاق الاردن للصناعات الهندسية,,15806.972,15806.972,
LV0000355,مؤسسة التعافي للمستلزمات الطبية,,1657,2252,-595
LV0000356,شركة خليل شامي وشريكه,-839.45,3736.418,3284.518,-387.55
LV0000362,تطوير دعم صندوق الصناعة,-99046,,,-99046
LV0000367,المؤسسة المنفردة لصناعة الكمبريسرات الصناعية,-160,110,,-50
LV0000368,شركة التعبئة الفنية لصناعة العبوات البلاستيكية,-2744.047,13344.707,13209.58,-2608.92
LV0000369,شركة كابولي للتجارة,,22000,22000,
LV0000370,الأولى للتأمين,15,,,15
LV0000373,شركة لوزان للتدفئة والتكييف,,2500,,2500
LV0000375,سوا للصناعات البلاستيكية,,1236,1656,-420
LV0000377,شركة السلام للشحن السريع,-674.5,5733.25,5396.5,-337.75
LV0000378,شركة الادراة المتكاملة لخدمات الصحة العامة,,337.5,337.5,
LV0000379,شركة الزنبقة,,18535,18535,
LV0000382,التجار المتحدون,,5365,5365,
LV0000383,الظاهر للخدمات الزراعية,,400,400,
LV0000384,شركة مطاحن النجمة للبن والبهارات,,32710.86,32710.86,
LV0000385,شركة الشروق لصناعة الكرتون,-587.1,17152.133,23225.483,-6660.45
LV0000387,شركة جراند للصناعات البلاستيكية,-5372.644,51679.407,47883.023,-1576.26
LV0000388,مصنع مشهور لصناعة التنك,-105.6,7187.75,8488.05,-1405.9
LV0000389,شركة وديع فينان وشركاه,,2721.6,2721.6,
LV0000391,مؤسسة المجيد للصناعات البلاستيكية,-1272.6,32497.12,31402.12,-177.6
LV0000392,شركة الأفق للصناعات البلاستيكية,,18965,20309,-1344
LV0000393,شركة الربان الصناعية,-4122.54,5107.15,984.6,0.01
LV0000395,مؤسسة أنوار الاردن للمعدات والمواد الخام,,3996.326,3996.326,
LV0000397,مصنع ستار بلاستيك الاردني,,4792.16,4792.16,
LV0000398,المؤسسة العربية لصناعة البلاستيك,-1326,4778.5,4052.5,-600
LV0000399,المبدعون للطباعة وتجارة الورق والكرتون,-1369.25,13723.31,12667.56,-313.5
LV0000402,شركة يبرود لتجارة الحديد,-238.956,980.498,49,692.542
LV0000403,شركة الجبالي إخوان وشركاهم ذ.م.م,-47.614,3761.614,8014,-4300
LV0000405,شركة أسيا للصناعات البلاستيكية,-16115.386,64381.673,55464.646,-7198.359
LV0000406,شركة المعاصرون للصناعات الغذائية,2234.795,,2234.795,
LV0000410,شركة التامورا للمعدات الصناعية,-2250,2250,,
LV0000413,شركة جدارا للتخليص,,33468,57867.14,-24399.14
LV0000415,شركة عيسى ابراهيم وشركاه,-1484.598,9733.009,9806.5,-1558.089
LV0000416,جونيا لصناعة مواد التنظيف والتعقيم,,433.35,595.35,-162
LV0000418,الخبير للتجهيزات العامة,14.95,,1167.85,-1152.9
LV0000420,شركة الحلول الدولية للمواد الغذائية,,424787.5,425012.5,-225
LV0000422,شركة الرؤيا المستقبلية لخدمات المطبعية,,1414.132,1414.132,
LV0000423,مؤسسة المؤهلون الجدد للتجهيزات والتجارة,,,180,-180
LV0000429,شركة الهدف الدولية للأستيراد والتصدير,-1867.5,3735,3105,-1237.5
LV0000430,الريادية للتعبئة والتغليف,,5620,5620,
LV0000431,مطعم الاخوة البستنجي,,8705.436,7798.068,907.368
LV0000434,بهاء الدين البستنجي مشتريات,,102819.616,371677.505,-268857.889
LV0000435,شركة رجائي ومحمد عيسى الملك للتجارة,,29122.818,55047.249,-25924.431
LV0000439,مورد نقدي,,627.7,627.7,
LV0000441,ابن رشد لتكنولوجيا المياه,,224,224,
LV0000442,الشركة العربية لصناعة الكرتون,,2572.86,2572.86,
LV0000443,wenzhou rayen machinery -قطع غيار,-465.813,,,-465.813
LV0000444,شركة نور العرب للصناعات البلاستيكية,-598.56,598.56,,
LV0000445,Beno-palatinit gmbh- المانيا,-21491.662,,,-21491.662
LV0000446,KONGSKILDE INDUSTRIES - ماكينات,32074.328,,,32074.328
LV0000447,henan lewin induustrial development - الصين,7794.856,,,7794.856
LV0000449,بضاعة بوندد النبلاء,,2449975671,2449975671,
LV0000456,أطياف الربيع للألبسة المهنية,,1536,1536,
LV0000459,طلبيات في الطريق,,5682,,5682
LV0000463,داتش تو التجارية - السودان,,,351841.25,-351841.25
,,__________________,__________________,__________________,__________________
Total Local Vendors,,393076.655,2451142905,2451774380,-238397.852
,,,,,
Foreign Vendors,,,,,
,,,,,
FV0000030,M JG TRADING L.L.C- BRAZEL,,191628.36,191628.36,
FV0000032,GENERAL TRADING- UGANDA,7009.672,,,7009.672
FV0000033,ROMAN FOODSLLC,164746.478,,49598.095,115148.383
LV0000432,نقليات سلطان الخريشا,,5610.35,6000,-389.65
LV0000433,شركة رتاج لتوزيع وتجارة المواد الغذائية والتنموية,,8147.49,16502.89,-8355.4
LV0000436,الريادة استشارات مالية وضريبية,,2000,2000,
LV0000437,الافاق الشرقية للتجارة الدولية,,50513.564,50513.564,
LV0000438,المختبرات التخصصية للمياه والبيئة,88,905.2,1733.8,-740.6
LV0000440,الشركة الإقليمية لصناعة العبوات البلاستيكية,,162.5,162.5,
LV0000450,شركة دفرنت للتصميم الجرافيكي,,15000,,15000
LV0000451,البترا للصنفرة والصناعات الخفيفه,,,323.265,-323.265
LV0000452,شركة عدنان الخضري و اولاده التجاريه,,300,300.3,-0.3
LV0000455,الشركة الأهلية الحديثة للنماذج,,,2225.75,-2225.75
LV0000457,اعمال ماء الريل للاستيراد والتصدير,,,235742.5,-235742.5
LV0000458,نقليات احمد الخريشا للمياه,,3434.229,3435,-0.771
LV0000461,مرابحات البنك الاسلامي الاردني,-3807668.295,322662,,-3485006.295
LV0000462,مرابحات بنك صفوة الاسلامي,-1219986.634,230560,,-989426.634
LV0000464,BORRA TECHNOLOGY CO - LTD,,2765.1,,2765.1
LV0000465,LEDADER SPRAY TECHNOLOGY,,394.204,,394.204
LV0000466,SHANGHAI ZHILONG PUMPVALVE,,1382.55,,1382.55
LV0000467,DONJOY TECHNOLOGY CO . LTD,,,1425.09,-1425.09
LV0000468,الشركة الاقليمية للمقاولات الانشائية,,40000,10000,30000
,,__________________,__________________,__________________,__________________
Total Foreign Vendors,,-4855810.779,875465.547,571591.114,-4551936.346
,,,,,
,,__________________,__________________,__________________,__________________
Total Suppliers,,-4462734.124,2452018371,2452345971,-4790334.198
